Data Source,World Development Indicators,,,,,,,,,,,,,,,,,,,,,,,,,,,,,,,,,,,,,,,,,,,,,,,,,,,,,,,,,,,,,,,
,,,,,,,,,,,,,,,,,,,,,,,,,,,,,,,,,,,,,,,,,,,,,,,,,,,,,,,,,,,,,,,,
Last Updated Date,25/05/2021,,,,,,,,,,,,,,,,,,,,,,,,,,,,,,,,,,,,,,,,,,,,,,,,,,,,,,,,,,,,,,,
,,,,,,,,,,,,,,,,,,,,,,,,,,,,,,,,,,,,,,,,,,,,,,,,,,,,,,,,,,,,,,,,
Country Name,Country Code,Indicator Name,Indicator Code,1960,1961,1962,1963,1964,1965,1966,1967,1968,1969,1970,1971,1972,1973,1974,1975,1976,1977,1978,1979,1980,1981,1982,1983,1984,1985,1986,1987,1988,1989,1990,1991,1992,1993,1994,1995,1996,1997,1998,1999,2000,2001,2002,2003,2004,2005,2006,2007,2008,2009,2010,2011,2012,2013,2014,2015,2016,2017,2018,2019,2020
Aruba,ABW,"Suicide mortality rate (per 100,000 population)",SH.STA.SUIC.P5,,,,,,,,,,,,,,,,,,,,,,,,,,,,,,,,,,,,,,,,,,,,,,,,,,,,,,,,,,,,,
Afghanistan,AFG,"Suicide mortality rate (per 100,000 population)",SH.STA.SUIC.P5,,,,,,,,,,,,,,,,,,,,,,,,,,,,,,,,,,,,,,,,,4.9,5,5,5,5,5,4.9,4.8,4.6,4.4,4.3,4.1,4,4,3.9,4,4,4.1,4.1,4.1,
Angola,AGO,"Suicide mortality rate (per 100,000 population)",SH.STA.SUIC.P5,,,,,,,,,,,,,,,,,,,,,,,,,,,,,,,,,,,,,,,,,8.7,8.6,8.6,8.8,8.6,8.1,8.6,7.4,7.5,6.7,7,6.6,6.9,6.9,6.4,6.5,6.2,6,6,6.1,
Albania,ALB,"Suicide mortality rate (per 100,000 population)",SH.STA.SUIC.P5,,,,,,,,,,,,,,,,,,,,,,,,,,,,,,,,,,,,,,,,,4.9,4.5,4.6,4.8,4.8,7.5,7.8,8.1,8.2,8.1,7.8,7.9,5.2,5.3,5,4.8,4.7,4.7,4.5,4.3,
Andorra,AND,"Suicide mortality rate (per 100,000 population)",SH.STA.SUIC.P5,,,,,,,,,,,,,,,,,,,,,,,,,,,,,,,,,,,,,,,,,,,,,,,,,,,,,,,,,,,,,
Arab World,ARB,"Suicide mortality rate (per 100,000 population)",SH.STA.SUIC.P5,,,,,,,,,,,,,,,,,,,,,,,,,,,,,,,,,,,,,,,,,4.588254797,4.598488516,4.546874827,4.496885631,4.447686106,4.444661831,4.415444966,4.427816377,4.465849276,4.474988396,4.507057583,4.573276312,4.584682562,4.50243343,4.441118293,4.333516331,4.258133976,4.1796786,4.212988382,4.180325409,
United Arab Emirates,ARE,"Suicide mortality rate (per 100,000 population)",SH.STA.SUIC.P5,,,,,,,,,,,,,,,,,,,,,,,,,,,,,,,,,,,,,,,,,8.6,8.6,8,7.5,7.7,7.9,8.3,8.3,8.5,8.5,8.4,8.2,7.9,7.5,7,6.5,6,5.6,6,6.4,
Argentina,ARG,"Suicide mortality rate (per 100,000 population)",SH.STA.SUIC.P5,,,,,,,,,,,,,,,,,,,,,,,,,,,,,,,,,,,,,,,,,9.1,10.3,10.2,9.7,8.7,8.6,8.6,8.3,8.7,8.4,8.6,8.5,9.1,8.6,9.3,8.3,8.3,8.9,9.2,8.4,
Armenia,ARM,"Suicide mortality rate (per 100,000 population)",SH.STA.SUIC.P5,,,,,,,,,,,,,,,,,,,,,,,,,,,,,,,,,,,,,,,,,3.4,3.1,3.5,2.6,4,4.2,5.9,5.8,4.8,4.8,6.8,6.8,7.4,6.4,6.3,6.2,5.7,3,2.1,3.3,
American Samoa,ASM,"Suicide mortality rate (per 100,000 population)",SH.STA.SUIC.P5,,,,,,,,,,,,,,,,,,,,,,,,,,,,,,,,,,,,,,,,,,,,,,,,,,,,,,,,,,,,,
Antigua and Barbuda,ATG,"Suicide mortality rate (per 100,000 population)",SH.STA.SUIC.P5,,,,,,,,,,,,,,,,,,,,,,,,,,,,,,,,,,,,,,,,,1.9,1.9,1.3,1.3,1.7,1.3,0.5,0.4,0.3,0,0.2,0.2,0,0,0.4,0.4,0.5,0,0.4,0.4,
Australia,AUS,"Suicide mortality rate (per 100,000 population)",SH.STA.SUIC.P5,,,,,,,,,,,,,,,,,,,,,,,,,,,,,,,,,,,,,,,,,12.7,12.2,11.3,10.5,10.3,11.2,10.6,10.9,11.6,11.2,11.7,11.2,11.7,11.5,12.7,13.2,12.2,13.1,12.4,12.5,
Austria,AUT,"Suicide mortality rate (per 100,000 population)",SH.STA.SUIC.P5,,,,,,,,,,,,,,,,,,,,,,,,,,,,,,,,,,,,,,,,,19.9,18.6,19.3,18.2,17.5,17.2,16.4,16,15.8,16,16.1,16.5,16.3,16.2,16.5,16,15.5,15.4,15.7,14.6,
Azerbaijan,AZE,"Suicide mortality rate (per 100,000 population)",SH.STA.SUIC.P5,,,,,,,,,,,,,,,,,,,,,,,,,,,,,,,,,,,,,,,,,3.1,3.4,3.6,3.8,4.3,4.5,4.7,4.9,4.7,4.6,4.6,4.5,4.4,4.3,4.2,4.1,4,4,4,4.1,
Burundi,BDI,"Suicide mortality rate (per 100,000 population)",SH.STA.SUIC.P5,,,,,,,,,,,,,,,,,,,,,,,,,,,,,,,,,,,,,,,,,11.7,10.8,10.2,9.7,9.2,8.9,8.9,8.4,7.9,7.7,7.6,7.4,7.1,7,6.7,6.4,6.4,6.4,6.3,6.2,
Belgium,BEL,"Suicide mortality rate (per 100,000 population)",SH.STA.SUIC.P5,,,,,,,,,,,,,,,,,,,,,,,,,,,,,,,,,,,,,,,,,22,22.3,20.9,21.5,20.2,20.7,20.2,18.7,20.3,20.6,20.5,21.1,20.8,19.5,19.4,18.6,19.3,18.9,18.7,18.3,
Benin,BEN,"Suicide mortality rate (per 100,000 population)",SH.STA.SUIC.P5,,,,,,,,,,,,,,,,,,,,,,,,,,,,,,,,,,,,,,,,,8.8,8.8,8.8,8.8,8.8,8.7,8.6,8.5,8.2,8.5,8.4,8.5,8.3,8.3,8.2,8.1,8,8,7.9,7.8,
Burkina Faso,BFA,"Suicide mortality rate (per 100,000 population)",SH.STA.SUIC.P5,,,,,,,,,,,,,,,,,,,,,,,,,,,,,,,,,,,,,,,,,8.6,8.2,8,7.9,8,8,8.1,8.1,8,8,8,7.9,8.3,8.3,8,8,7.8,7.7,7.6,7.5,
Bangladesh,BGD,"Suicide mortality rate (per 100,000 population)",SH.STA.SUIC.P5,,,,,,,,,,,,,,,,,,,,,,,,,,,,,,,,,,,,,,,,,6,5.7,5.3,5.1,4.9,4.9,5,4.9,4.7,4.6,4.4,4,3.7,3.5,3.5,3.4,3.4,3.5,3.6,3.7,
Bulgaria,BGR,"Suicide mortality rate (per 100,000 population)",SH.STA.SUIC.P5,,,,,,,,,,,,,,,,,,,,,,,,,,,,,,,,,,,,,,,,,18.2,17.5,17.5,15.1,14.2,13.3,13.4,12.5,13.2,12.3,12.4,11,12.5,10.5,10.4,9.8,9.7,10.3,9.7,9.7,
Bahrain,BHR,"Suicide mortality rate (per 100,000 population)",SH.STA.SUIC.P5,,,,,,,,,,,,,,,,,,,,,,,,,,,,,,,,,,,,,,,,,6.6,8.8,9.2,10.2,10.2,10.3,8.2,9.6,9.2,8.6,8.2,7.9,7.4,7.1,7.4,7.4,7.7,8.1,8.6,8.9,
"Bahamas, The",BHS,"Suicide mortality rate (per 100,000 population)",SH.STA.SUIC.P5,,,,,,,,,,,,,,,,,,,,,,,,,,,,,,,,,,,,,,,,,2.3,2.5,2.3,2.4,3.2,3,3.5,3.2,3.3,3.3,3.6,3.7,3.5,3.1,3.3,3.5,3.6,3.4,3.5,3.5,
Bosnia and Herzegovina,BIH,"Suicide mortality rate (per 100,000 population)",SH.STA.SUIC.P5,,,,,,,,,,,,,,,,,,,,,,,,,,,,,,,,,,,,,,,,,9,9.4,9.8,9.9,10,10.8,10.7,11.5,10.8,10.7,10.5,10.6,10.4,10.6,10.6,10.7,10.5,10.5,10.8,10.9,
Belarus,BLR,"Suicide mortality rate (per 100,000 population)",SH.STA.SUIC.P5,,,,,,,,,,,,,,,,,,,,,,,,,,,,,,,,,,,,,,,,,41.8,43.3,44.3,42.9,42.1,43.5,40.9,36.8,36.7,36.5,35.9,36.2,29.9,27.9,26.3,24.3,24.2,23.3,22.8,21.2,
Belize,BLZ,"Suicide mortality rate (per 100,000 population)",SH.STA.SUIC.P5,,,,,,,,,,,,,,,,,,,,,,,,,,,,,,,,,,,,,,,,,7.4,6,6.1,6.3,6.9,5.4,5.6,5.2,4.4,6.2,6.9,6.8,6.3,5.9,6,6,5.8,7,6.5,7.1,
Bermuda,BMU,"Suicide mortality rate (per 100,000 population)",SH.STA.SUIC.P5,,,,,,,,,,,,,,,,,,,,,,,,,,,,,,,,,,,,,,,,,,,,,,,,,,,,,,,,,,,,,
Bolivia,BOL,"Suicide mortality rate (per 100,000 population)",SH.STA.SUIC.P5,,,,,,,,,,,,,,,,,,,,,,,,,,,,,,,,,,,,,,,,,6.9,6.6,6.6,6.4,6.3,6.3,5.9,6.1,6,6,6,6.1,6,6,6.2,6.4,6.6,6.4,6.3,6.2,
Brazil,BRA,"Suicide mortality rate (per 100,000 population)",SH.STA.SUIC.P5,,,,,,,,,,,,,,,,,,,,,,,,,,,,,,,,,,,,,,,,,4,4.4,4.4,4.3,4.4,4.7,4.7,4.9,5.1,5.1,5,5.2,5.4,5.6,5.6,5.9,6,6.6,7,6.9,
Barbados,BRB,"Suicide mortality rate (per 100,000 population)",SH.STA.SUIC.P5,,,,,,,,,,,,,,,,,,,,,,,,,,,,,,,,,,,,,,,,,2.6,1.6,0.3,1.2,1.4,2.9,1.6,1.5,1,1.5,1.6,1,0.5,0.3,0.6,0.6,0.6,0.6,0.6,0.6,
Brunei Darussalam,BRN,"Suicide mortality rate (per 100,000 population)",SH.STA.SUIC.P5,,,,,,,,,,,,,,,,,,,,,,,,,,,,,,,,,,,,,,,,,1.9,1.3,1.6,1.6,1.9,2.2,2.9,2.6,2.1,1.8,1.3,1.9,2.1,1.8,1.8,1.9,2.6,3.3,3.1,2.7,
Bhutan,BTN,"Suicide mortality rate (per 100,000 population)",SH.STA.SUIC.P5,,,,,,,,,,,,,,,,,,,,,,,,,,,,,,,,,,,,,,,,,4.8,4.9,4.7,4.6,4.5,4.5,4.5,4.4,4.3,4.3,4.2,4.3,4.3,4.4,4.4,4.5,4.5,4.6,4.6,4.6,
Botswana,BWA,"Suicide mortality rate (per 100,000 population)",SH.STA.SUIC.P5,,,,,,,,,,,,,,,,,,,,,,,,,,,,,,,,,,,,,,,,,35.3,34.5,32.7,31.2,31.8,34,32,29.3,28.4,25.1,24.4,22.7,22.6,21.6,19.6,19,17.8,17.4,17.4,16.1,
Central African Republic,CAF,"Suicide mortality rate (per 100,000 population)",SH.STA.SUIC.P5,,,,,,,,,,,,,,,,,,,,,,,,,,,,,,,,,,,,,,,,,19,17.7,17.4,16.4,15.7,15.1,15.7,15.4,15.1,16,15.8,15.4,14.7,14.9,15.6,14.4,13.7,14.3,12.8,12.3,
Canada,CAN,"Suicide mortality rate (per 100,000 population)",SH.STA.SUIC.P5,,,,,,,,,,,,,,,,,,,,,,,,,,,,,,,,,,,,,,,,,11.9,12.2,11.9,12.4,11.7,12.2,11.2,11.5,11.5,12,12.1,11.3,11.8,12.1,12.7,13,11.9,13,12,11.8,
Central Europe and the Baltics,CEB,"Suicide mortality rate (per 100,000 population)",SH.STA.SUIC.P5,,,,,,,,,,,,,,,,,,,,,,,,,,,,,,,,,,,,,,,,,19.62281157,18.95935585,19.16723832,18.73304096,18.43393018,18.03940204,17.34118554,16.296376,16.98381069,18.03847552,17.81681727,17.27399086,17.7223873,17.0162544,16.16960545,15.40893577,14.03905854,13.81543438,13.35043174,12.52140673,
Switzerland,CHE,"Suicide mortality rate (per 100,000 population)",SH.STA.SUIC.P5,,,,,,,,,,,,,,,,,,,,,,,,,,,,,,,,,,,,,,,,,20.2,19.6,20.9,18.7,18.5,19,18.8,19.5,18.8,16,14.5,14.6,14.7,15.1,14.7,15,14.1,14.6,14.5,14.5,
Channel Islands,CHI,"Suicide mortality rate (per 100,000 population)",SH.STA.SUIC.P5,,,,,,,,,,,,,,,,,,,,,,,,,,,,,,,,,,,,,,,,,,,,,,,,,,,,,,,,,,,,,
Chile,CHL,"Suicide mortality rate (per 100,000 population)",SH.STA.SUIC.P5,,,,,,,,,,,,,,,,,,,,,,,,,,,,,,,,,,,,,,,,,10.3,10.3,9.6,9.7,10.1,9.7,10,11,12.2,12.7,11.6,11.7,10.5,9.8,9.9,10,10,9.3,8.8,9,
China,CHN,"Suicide mortality rate (per 100,000 population)",SH.STA.SUIC.P5,,,,,,,,,,,,,,,,,,,,,,,,,,,,,,,,,,,,,,,,,14.3,12.9,12.2,12.8,13.3,12.9,12.1,11.5,11.1,10.7,10.2,9.6,9,8.6,8.4,8.1,8.2,8.1,8.1,8.1,
Cote d'Ivoire,CIV,"Suicide mortality rate (per 100,000 population)",SH.STA.SUIC.P5,,,,,,,,,,,,,,,,,,,,,,,,,,,,,,,,,,,,,,,,,14.1,13.3,12.7,12.4,12.1,11.5,11.6,11.5,10.6,11,11.4,11.1,11.3,11.1,10.5,10,9.6,9.2,9,8.9,
Cameroon,CMR,"Suicide mortality rate (per 100,000 population)",SH.STA.SUIC.P5,,,,,,,,,,,,,,,,,,,,,,,,,,,,,,,,,,,,,,,,,10.7,10.8,10.6,10.8,10.7,11.4,11.7,11.4,11.2,11.1,10.8,10.8,10.6,10.4,10,9.5,9.2,9,8.9,9,
"Congo, Dem. Rep.",COD,"Suicide mortality rate (per 100,000 population)",SH.STA.SUIC.P5,,,,,,,,,,,,,,,,,,,,,,,,,,,,,,,,,,,,,,,,,7.9,7.7,7.7,7.7,7.6,7.5,7.4,7.2,7.1,7.3,7.2,7.1,6.9,6.8,6.7,6.6,6.5,6.5,6.7,6.7,
"Congo, Rep.",COG,"Suicide mortality rate (per 100,000 population)",SH.STA.SUIC.P5,,,,,,,,,,,,,,,,,,,,,,,,,,,,,,,,,,,,,,,,,14.5,12.4,11,10.1,10.2,9.7,9.6,9.3,8.9,9.3,9,8.7,8.9,8.2,7.5,6.8,6.7,6.6,6.5,6.5,
Colombia,COL,"Suicide mortality rate (per 100,000 population)",SH.STA.SUIC.P5,,,,,,,,,,,,,,,,,,,,,,,,,,,,,,,,,,,,,,,,,5,4.9,4.7,4.6,4.5,4.1,4.1,4.1,4.2,4.1,3.8,3.7,3.8,3.7,3.8,4.1,4.2,4.7,4,3.9,
Comoros,COM,"Suicide mortality rate (per 100,000 population)",SH.STA.SUIC.P5,,,,,,,,,,,,,,,,,,,,,,,,,,,,,,,,,,,,,,,,,6.3,6.2,5.9,5.8,5.5,5.4,5.4,5.3,5.4,5,5.6,5.1,5.2,5.2,5.5,5.5,5.5,5.4,5.4,5.4,
Cabo Verde,CPV,"Suicide mortality rate (per 100,000 population)",SH.STA.SUIC.P5,,,,,,,,,,,,,,,,,,,,,,,,,,,,,,,,,,,,,,,,,12,12.1,12.3,12.4,12.8,13.2,13.1,13.5,14,14.4,14.8,14.8,14.9,14.6,14.4,14.4,14.4,14.2,13.4,12.9,
Costa Rica,CRI,"Suicide mortality rate (per 100,000 population)",SH.STA.SUIC.P5,,,,,,,,,,,,,,,,,,,,,,,,,,,,,,,,,,,,,,,,,6.4,5.2,7,7.9,8.1,6.6,8.4,5.7,5.5,5.6,6.9,6.9,6.6,6.7,5.6,6.7,7.7,6.1,7.2,8.1,
Caribbean small states,CSS,"Suicide mortality rate (per 100,000 population)",SH.STA.SUIC.P5,,,,,,,,,,,,,,,,,,,,,,,,,,,,,,,,,,,,,,,,,10.09021138,10.52439788,10.24212383,9.688614059,9.535838285,9.311819446,8.985556613,9.0286626,9.476404375,9.360929027,9.420900173,9.112553336,9.302815092,9.783585107,9.650229998,9.649347666,9.535762446,9.63445527,9.725942629,9.826241212,
Cuba,CUB,"Suicide mortality rate (per 100,000 population)",SH.STA.SUIC.P5,,,,,,,,,,,,,,,,,,,,,,,,,,,,,,,,,,,,,,,,,17.2,15.3,14.7,13.8,13.9,12.9,12.7,12.2,12.9,13.7,14.4,14.1,13.8,13.9,13.4,14,13.4,14.5,14.3,14.5,
Curacao,CUW,"Suicide mortality rate (per 100,000 population)",SH.STA.SUIC.P5,,,,,,,,,,,,,,,,,,,,,,,,,,,,,,,,,,,,,,,,,,,,,,,,,,,,,,,,,,,,,
Cayman Islands,CYM,"Suicide mortality rate (per 100,000 population)",SH.STA.SUIC.P5,,,,,,,,,,,,,,,,,,,,,,,,,,,,,,,,,,,,,,,,,,,,,,,,,,,,,,,,,,,,,
Cyprus,CYP,"Suicide mortality rate (per 100,000 population)",SH.STA.SUIC.P5,,,,,,,,,,,,,,,,,,,,,,,,,,,,,,,,,,,,,,,,,2,2.1,2.2,2.2,0.9,2.6,3.5,3.1,6.1,4.5,5.3,4.3,5.4,5.7,5.4,4.7,4.6,3.7,4.2,3.6,
Czech Republic,CZE,"Suicide mortality rate (per 100,000 population)",SH.STA.SUIC.P5,,,,,,,,,,,,,,,,,,,,,,,,,,,,,,,,,,,,,,,,,16.3,16.2,15.4,17,16.3,15.8,14.5,14.1,14.2,15,15,16.1,16.7,15.7,14.8,13.6,13,13.9,13.6,12.2,
Germany,DEU,"Suicide mortality rate (per 100,000 population)",SH.STA.SUIC.P5,,,,,,,,,,,,,,,,,,,,,,,,,,,,,,,,,,,,,,,,,14.5,14.5,14.6,14.4,14,13.3,12.8,12.4,12.5,12.8,13.2,13.2,12.9,13.4,13.4,13.3,13,12.6,12.9,12.3,
Djibouti,DJI,"Suicide mortality rate (per 100,000 population)",SH.STA.SUIC.P5,,,,,,,,,,,,,,,,,,,,,,,,,,,,,,,,,,,,,,,,,7.2,7,7.3,7.4,7.5,7.6,7.5,7.5,7.6,7.8,8.2,8.5,8.7,9,9.2,9,9.3,9.7,9.7,9.6,
Dominica,DMA,"Suicide mortality rate (per 100,000 population)",SH.STA.SUIC.P5,,,,,,,,,,,,,,,,,,,,,,,,,,,,,,,,,,,,,,,,,,,,,,,,,,,,,,,,,,,,,
Denmark,DNK,"Suicide mortality rate (per 100,000 population)",SH.STA.SUIC.P5,,,,,,,,,,,,,,,,,,,,,,,,,,,,,,,,,,,,,,,,,15.6,15.8,14.9,13.6,14.2,14.8,14.7,12.6,13.1,12.9,11.8,12.6,12.8,12.1,12,10.9,10.9,11.3,11.4,10.7,
Dominican Republic,DOM,"Suicide mortality rate (per 100,000 population)",SH.STA.SUIC.P5,,,,,,,,,,,,,,,,,,,,,,,,,,,,,,,,,,,,,,,,,3.9,3.9,4.1,4.4,4.5,4.8,4.7,4.8,4.8,4.9,4.7,4.9,5.2,5.5,6.1,6.4,6.4,5.7,5.2,4.9,
Algeria,DZA,"Suicide mortality rate (per 100,000 population)",SH.STA.SUIC.P5,,,,,,,,,,,,,,,,,,,,,,,,,,,,,,,,,,,,,,,,,4.5,4.5,4.4,4.1,4,3.9,3.7,3.5,3.4,3.2,3,3,2.9,2.9,2.8,2.7,2.6,2.5,2.5,2.5,
East Asia & Pacific (excluding high income),EAP,"Suicide mortality rate (per 100,000 population)",SH.STA.SUIC.P5,,,,,,,,,,,,,,,,,,,,,,,,,,,,,,,,,,,,,,,,,11.52015511,10.45780317,9.957706696,10.33853673,10.66721241,10.3062147,9.731963051,9.29398781,8.997607245,8.71029813,8.356051747,7.957005113,7.51409784,7.223945964,7.077374023,6.889038518,6.964855285,6.877395533,6.869492434,6.862098928,
Early-demographic dividend,EAR,"Suicide mortality rate (per 100,000 population)",SH.STA.SUIC.P5,,,,,,,,,,,,,,,,,,,,,,,,,,,,,,,,,,,,,,,,,10.84702444,10.65600416,10.42043439,10.03941138,9.937010296,10.03510241,10.0357863,9.912246815,9.861685325,9.594858364,9.566315391,9.570550579,9.355314028,9.081510682,8.699904354,8.460945263,8.346955164,8.302449546,8.482498878,8.471057368,
East Asia & Pacific,EAS,"Suicide mortality rate (per 100,000 population)",SH.STA.SUIC.P5,,,,,,,,,,,,,,,,,,,,,,,,,,,,,,,,,,,,,,,,,12.38114029,11.39673979,11.04830287,11.60926102,11.83103756,11.5478465,10.92599128,10.6588007,10.39944242,10.28492734,9.911845676,9.506453691,8.907585696,8.629733236,8.390782752,8.138298237,8.083844206,7.949798283,7.975218208,7.891563588,
Europe & Central Asia (excluding high income),ECA,"Suicide mortality rate (per 100,000 population)",SH.STA.SUIC.P5,,,,,,,,,,,,,,,,,,,,,,,,,,,,,,,,,,,,,,,,,32.59256612,31.53709936,31.06614184,30.40744367,29.56449633,29.33482171,26.7608077,25.32692081,24.59437701,22.83099515,22.31787083,21.09928685,20.33001218,19.71499305,19.81535711,18.61806018,18.02597888,16.44704865,16.17523823,15.21984331,
Europe & Central Asia,ECS,"Suicide mortality rate (per 100,000 population)",SH.STA.SUIC.P5,,,,,,,,,,,,,,,,,,,,,,,,,,,,,,,,,,,,,,,,,22.03055768,21.3853738,21.2546148,20.85129982,20.33636848,20.03795622,18.70356839,17.80102569,17.71456799,17.14202177,16.82012884,16.34048973,16.07445908,15.81454016,15.62317728,14.97678408,14.39102454,13.68004408,13.44610611,12.81448587,
Ecuador,ECU,"Suicide mortality rate (per 100,000 population)",SH.STA.SUIC.P5,,,,,,,,,,,,,,,,,,,,,,,,,,,,,,,,,,,,,,,,,6.4,6.9,7.9,8.5,9,9.9,10,10.2,10.5,10.5,9.9,9.8,10.1,9.6,8.8,8.8,9,9.2,8.1,7.6,
"Egypt, Arab Rep.",EGY,"Suicide mortality rate (per 100,000 population)",SH.STA.SUIC.P5,,,,,,,,,,,,,,,,,,,,,,,,,,,,,,,,,,,,,,,,,3.1,3.2,3.2,3.2,3.1,3.1,3.1,3.1,3.1,3.1,3.2,3.3,3.4,3.4,3.3,3.3,3.2,3,3,3,
Euro area,EMU,"Suicide mortality rate (per 100,000 population)",SH.STA.SUIC.P5,,,,,,,,,,,,,,,,,,,,,,,,,,,,,,,,,,,,,,,,,13.93132347,13.63066345,13.80641339,13.74650088,13.29870125,12.88367565,12.45222942,12.03046662,12.35358093,12.55374597,12.40273847,12.50246796,12.55051475,12.59927196,12.26106888,12.03679866,11.63093995,11.64988796,11.41269308,11.13862917,
Eritrea,ERI,"Suicide mortality rate (per 100,000 population)",SH.STA.SUIC.P5,,,,,,,,,,,,,,,,,,,,,,,,,,,,,,,,,,,,,,,,,14.5,14,13.7,12.8,13,13.1,13.2,12.9,13.3,13,12.7,12.5,12.3,12,11.7,11.6,11.5,11.3,11.3,10.9,
Spain,ESP,"Suicide mortality rate (per 100,000 population)",SH.STA.SUIC.P5,,,,,,,,,,,,,,,,,,,,,,,,,,,,,,,,,,,,,,,,,8.6,8,8.3,8.5,8.5,8,7.5,7.4,7.8,7.6,6.9,7.1,7.7,8.5,8.6,7.9,7.8,8.2,7.8,7.7,
Estonia,EST,"Suicide mortality rate (per 100,000 population)",SH.STA.SUIC.P5,,,,,,,,,,,,,,,,,,,,,,,,,,,,,,,,,,,,,,,,,29.1,30.3,29.3,26.3,26.5,22.6,20.9,21.4,19.4,23.3,18.8,18.2,21.1,18.9,19.5,15.9,15.7,18.7,15.3,14.9,
Ethiopia,ETH,"Suicide mortality rate (per 100,000 population)",SH.STA.SUIC.P5,,,,,,,,,,,,,,,,,,,,,,,,,,,,,,,,,,,,,,,,,9.7,9.3,8.9,8.6,8.3,8.1,7.8,7.7,7.6,7.4,7.1,6.7,6.1,5.7,5.5,5.5,5.5,5.4,5.4,5.4,
European Union,EUU,"Suicide mortality rate (per 100,000 population)",SH.STA.SUIC.P5,,,,,,,,,,,,,,,,,,,,,,,,,,,,,,,,,,,,,,,,,14.86810767,14.53282396,14.6954785,14.52754707,14.17549714,13.81943586,13.36954772,12.80140831,13.20555046,13.58495838,13.43005173,13.37995844,13.55163188,13.41718362,12.96960152,12.63687609,12.0112607,11.99112021,11.75682392,11.33606014,
Fragile and conflict affected situations,FCS,"Suicide mortality rate (per 100,000 population)",SH.STA.SUIC.P5,,,,,,,,,,,,,,,,,,,,,,,,,,,,,,,,,,,,,,,,,6.261624055,6.156626329,6.081779345,6.015008444,5.98169276,5.982670037,5.927916484,5.931247567,5.931393661,5.994402437,5.948217149,5.915686688,5.819186356,5.707942495,5.55356628,5.430793014,5.354974958,5.276571036,5.250923682,5.229447781,
Finland,FIN,"Suicide mortality rate (per 100,000 population)",SH.STA.SUIC.P5,,,,,,,,,,,,,,,,,,,,,,,,,,,,,,,,,,,,,,,,,24.3,24.1,22,21.7,21.2,19.9,21,19.7,20.6,20.4,18.6,17.9,17,17.2,15.4,14,15.2,15.9,16.2,15.3,
Fiji,FJI,"Suicide mortality rate (per 100,000 population)",SH.STA.SUIC.P5,,,,,,,,,,,,,,,,,,,,,,,,,,,,,,,,,,,,,,,,,10.6,10.4,10.1,9.7,9.4,9.5,9.2,9.4,9.6,9.7,9.6,9.8,10,10,9.7,9.4,9.4,9.3,9.1,9,
France,FRA,"Suicide mortality rate (per 100,000 population)",SH.STA.SUIC.P5,,,,,,,,,,,,,,,,,,,,,,,,,,,,,,,,,,,,,,,,,20.2,19.5,19.8,20.1,19.5,19.1,18.5,17.9,18.2,18.4,18.2,18,17.8,17,15.6,15.8,14.9,14.6,14.2,13.8,
Faroe Islands,FRO,"Suicide mortality rate (per 100,000 population)",SH.STA.SUIC.P5,,,,,,,,,,,,,,,,,,,,,,,,,,,,,,,,,,,,,,,,,,,,,,,,,,,,,,,,,,,,,
"Micronesia, Fed. Sts.",FSM,"Suicide mortality rate (per 100,000 population)",SH.STA.SUIC.P5,,,,,,,,,,,,,,,,,,,,,,,,,,,,,,,,,,,,,,,,,24,23.4,22.5,22.8,23.8,24.6,24.6,24.4,24.5,24.5,24.5,25.2,25.5,25.6,25.8,27,27,27.7,28.2,28.2,
Gabon,GAB,"Suicide mortality rate (per 100,000 population)",SH.STA.SUIC.P5,,,,,,,,,,,,,,,,,,,,,,,,,,,,,,,,,,,,,,,,,13,12.2,11.2,11,10.1,10.2,10.6,10.4,11.3,10.2,10.1,10,8.9,8.6,9.8,9.6,9.2,8.8,8.6,8.4,
United Kingdom,GBR,"Suicide mortality rate (per 100,000 population)",SH.STA.SUIC.P5,,,,,,,,,,,,,,,,,,,,,,,,,,,,,,,,,,,,,,,,,8.6,8.3,8.3,7.9,8.2,7.9,7.8,7.6,8.1,8,7.8,8.3,8.2,8.8,8.6,8.8,8.5,8.2,8.1,7.9,
Georgia,GEO,"Suicide mortality rate (per 100,000 population)",SH.STA.SUIC.P5,,,,,,,,,,,,,,,,,,,,,,,,,,,,,,,,,,,,,,,,,7.4,6.9,8.2,6.6,7.4,6.2,6.2,6.1,7.5,8.5,8.3,8.7,9.2,9.8,10.3,10.5,10.7,9.6,9.4,9.2,
Ghana,GHA,"Suicide mortality rate (per 100,000 population)",SH.STA.SUIC.P5,,,,,,,,,,,,,,,,,,,,,,,,,,,,,,,,,,,,,,,,,5.4,5.8,6.1,6.4,6.6,6.9,7,7.2,7.5,7.6,7.8,7.8,7.8,7.7,7.5,7.3,7.2,7,6.6,6.6,
Gibraltar,GIB,"Suicide mortality rate (per 100,000 population)",SH.STA.SUIC.P5,,,,,,,,,,,,,,,,,,,,,,,,,,,,,,,,,,,,,,,,,,,,,,,,,,,,,,,,,,,,,
Guinea,GIN,"Suicide mortality rate (per 100,000 population)",SH.STA.SUIC.P5,,,,,,,,,,,,,,,,,,,,,,,,,,,,,,,,,,,,,,,,,5.4,5.4,5.6,5.6,5.7,5.6,6,6.3,6.3,6.4,6.8,7,7.1,7.3,7.1,7.2,7.1,7,6.9,7,
"Gambia, The",GMB,"Suicide mortality rate (per 100,000 population)",SH.STA.SUIC.P5,,,,,,,,,,,,,,,,,,,,,,,,,,,,,,,,,,,,,,,,,5.6,5.7,5.8,5.8,5.9,5.8,5.7,5.7,5.6,5.5,5.3,5.4,5.3,5.3,5.3,5.1,4.9,4.9,4.8,4.8,
Guinea-Bissau,GNB,"Suicide mortality rate (per 100,000 population)",SH.STA.SUIC.P5,,,,,,,,,,,,,,,,,,,,,,,,,,,,,,,,,,,,,,,,,9.5,9.3,9.1,8.8,8.8,8.4,8.4,8.4,8.4,8.5,8.4,8.2,8,8.1,7.8,7.3,7.3,7.3,7.2,7,
Equatorial Guinea,GNQ,"Suicide mortality rate (per 100,000 population)",SH.STA.SUIC.P5,,,,,,,,,,,,,,,,,,,,,,,,,,,,,,,,,,,,,,,,,12.6,11.4,10.1,9.7,9.3,8.9,9.2,9,8.8,8.9,10,11.2,10,8.4,8.8,9.8,9.3,7.8,8.3,7.9,
Greece,GRC,"Suicide mortality rate (per 100,000 population)",SH.STA.SUIC.P5,,,,,,,,,,,,,,,,,,,,,,,,,,,,,,,,,,,,,,,,,3.5,3.1,2.9,3.3,3.1,3.7,3.7,3,3.4,3.6,3.5,4.4,4.8,5,5.3,5,4.7,5.1,5.1,5.1,
Grenada,GRD,"Suicide mortality rate (per 100,000 population)",SH.STA.SUIC.P5,,,,,,,,,,,,,,,,,,,,,,,,,,,,,,,,,,,,,,,,,1.9,0.4,3.2,2.4,4.6,3.1,5.1,2,2.4,0.7,0.9,1.7,1.7,1.2,0.6,0.7,1,0.6,0.3,0.7,
Greenland,GRL,"Suicide mortality rate (per 100,000 population)",SH.STA.SUIC.P5,,,,,,,,,,,,,,,,,,,,,,,,,,,,,,,,,,,,,,,,,,,,,,,,,,,,,,,,,,,,,
Guatemala,GTM,"Suicide mortality rate (per 100,000 population)",SH.STA.SUIC.P5,,,,,,,,,,,,,,,,,,,,,,,,,,,,,,,,,,,,,,,,,10.2,10.7,10.5,10.8,11,11.4,10.7,8.3,8,7.9,7.3,6.6,6.1,5.9,5.8,5.8,5.7,5.6,6,5.9,
Guam,GUM,"Suicide mortality rate (per 100,000 population)",SH.STA.SUIC.P5,,,,,,,,,,,,,,,,,,,,,,,,,,,,,,,,,,,,,,,,,,,,,,,,,,,,,,,,,,,,,
Guyana,GUY,"Suicide mortality rate (per 100,000 population)",SH.STA.SUIC.P5,,,,,,,,,,,,,,,,,,,,,,,,,,,,,,,,,,,,,,,,,31.4,34.7,34.5,33.2,32.5,30.9,30.7,30.9,30,32.9,33.3,32.6,35,38.2,37.2,37.3,37.9,38.5,39.5,40.3,
High income,HIC,"Suicide mortality rate (per 100,000 population)",SH.STA.SUIC.P5,,,,,,,,,,,,,,,,,,,,,,,,,,,,,,,,,,,,,,,,,13.97510038,13.87785566,14.23195274,14.5305185,14.30251562,14.24205252,13.88284604,14.00645237,14.28769181,14.74579785,14.6338148,14.62838739,14.31920081,14.2678217,14.03901287,13.87366889,13.54445967,13.64854519,13.52820665,13.31852613,
"Hong Kong SAR, China",HKG,"Suicide mortality rate (per 100,000 population)",SH.STA.SUIC.P5,,,,,,,,,,,,,,,,,,,,,,,,,,,,,,,,,,,,,,,,,,,,,,,,,,,,,,,,,,,,,
Honduras,HND,"Suicide mortality rate (per 100,000 population)",SH.STA.SUIC.P5,,,,,,,,,,,,,,,,,,,,,,,,,,,,,,,,,,,,,,,,,2.1,2.1,2.1,2.2,2.1,2.2,2.2,2.1,2.1,2,2,1.9,3.3,3.2,3.4,4,2,2.1,2,2.1,
Heavily indebted poor countries (HIPC),HPC,"Suicide mortality rate (per 100,000 population)",SH.STA.SUIC.P5,,,,,,,,,,,,,,,,,,,,,,,,,,,,,,,,,,,,,,,,,8.602759003,8.281831748,8.035450756,7.879387007,7.740015881,7.658358495,7.583392218,7.43812462,7.349580789,7.364831799,7.269578358,7.145611127,6.946398042,6.802587614,6.604494229,6.480974381,6.373437412,6.290511437,6.255480475,6.232232609,
Croatia,HRV,"Suicide mortality rate (per 100,000 population)",SH.STA.SUIC.P5,,,,,,,,,,,,,,,,,,,,,,,,,,,,,,,,,,,,,,,,,20.8,19.7,19.5,19.7,20.2,20.1,18.3,18.1,18.4,18.3,18.3,16.4,18.4,16.5,17.3,17.6,16.4,15.7,16.4,16.4,
Haiti,HTI,"Suicide mortality rate (per 100,000 population)",SH.STA.SUIC.P5,,,,,,,,,,,,,,,,,,,,,,,,,,,,,,,,,,,,,,,,,9.7,9.5,9.3,9.3,9,9.4,9.6,10,10.1,10.3,10.9,10.1,10,9.9,10,10,9.8,9.7,9.7,9.6,
Hungary,HUN,"Suicide mortality rate (per 100,000 population)",SH.STA.SUIC.P5,,,,,,,,,,,,,,,,,,,,,,,,,,,,,,,,,,,,,,,,,33.4,29.8,28.6,28,27.5,26.4,24.9,25,25.4,25.4,25.5,25.1,24.8,22.1,20.4,19.9,18.7,17.5,17.7,16.6,
IBRD only,IBD,"Suicide mortality rate (per 100,000 population)",SH.STA.SUIC.P5,,,,,,,,,,,,,,,,,,,,,,,,,,,,,,,,,,,,,,,,,14.18101377,13.49839644,13.09809769,12.97367159,12.99672827,12.91092798,12.3743697,11.97291465,11.76203829,11.36413235,11.14531042,10.86682294,10.49491538,10.12930911,9.810178212,9.482632074,9.378597587,9.220579955,9.339623988,9.240655749,
IDA & IBRD total,IBT,"Suicide mortality rate (per 100,000 population)",SH.STA.SUIC.P5,,,,,,,,,,,,,,,,,,,,,,,,,,,,,,,,,,,,,,,,,12.77758255,12.18033949,11.81880334,11.68072716,11.66720357,11.57793788,11.14849912,10.81315975,10.62752375,10.30307166,10.10644041,9.857726196,9.537159929,9.230775051,8.951193274,8.674950726,8.573968383,8.429969358,8.500110358,8.414611312,
IDA total,IDA,"Suicide mortality rate (per 100,000 population)",SH.STA.SUIC.P5,,,,,,,,,,,,,,,,,,,,,,,,,,,,,,,,,,,,,,,,,7.578802157,7.360205055,7.200861858,7.07402156,6.991923123,6.951703837,6.950154507,6.894302539,6.844868633,6.811696984,6.733292434,6.623446183,6.505553243,6.421721255,6.299312127,6.213271576,6.153347194,6.082797169,6.041998155,6.030597489,
IDA blend,IDB,"Suicide mortality rate (per 100,000 population)",SH.STA.SUIC.P5,,,,,,,,,,,,,,,,,,,,,,,,,,,,,,,,,,,,,,,,,7.620641031,7.557887901,7.530367488,7.445198102,7.442174655,7.436952528,7.477906465,7.513030612,7.486014164,7.372699676,7.304441221,7.250397499,7.205486083,7.155526412,7.031962522,6.953073652,6.920911283,6.816485107,6.690111711,6.664931067,
Indonesia,IDN,"Suicide mortality rate (per 100,000 population)",SH.STA.SUIC.P5,,,,,,,,,,,,,,,,,,,,,,,,,,,,,,,,,,,,,,,,,3.5,3.4,3.3,3.2,3.2,3,2.9,2.9,2.8,2.7,2.6,2.6,2.5,2.5,2.4,2.4,2.4,2.4,2.4,2.4,
IDA only,IDX,"Suicide mortality rate (per 100,000 population)",SH.STA.SUIC.P5,,,,,,,,,,,,,,,,,,,,,,,,,,,,,,,,,,,,,,,,,7.55776671,7.260891587,7.035512217,6.888002304,6.766517878,6.70892763,6.686143543,6.584660226,6.52373971,6.53038671,6.446300997,6.307725457,6.152533737,6.051032533,5.928666859,5.838574646,5.764274127,5.710723599,5.713274991,5.708922417,
Isle of Man,IMN,"Suicide mortality rate (per 100,000 population)",SH.STA.SUIC.P5,,,,,,,,,,,,,,,,,,,,,,,,,,,,,,,,,,,,,,,,,,,,,,,,,,,,,,,,,,,,,
India,IND,"Suicide mortality rate (per 100,000 population)",SH.STA.SUIC.P5,,,,,,,,,,,,,,,,,,,,,,,,,,,,,,,,,,,,,,,,,17,16.6,16.1,15.3,15.2,15.5,15.6,15.3,15.1,14.5,14.6,14.7,14.3,13.7,12.8,12.3,12.1,12,12.6,12.7,
Not classified,INX,"Suicide mortality rate (per 100,000 population)",SH.STA.SUIC.P5,,,,,,,,,,,,,,,,,,,,,,,,,,,,,,,,,,,,,,,,,,,,,,,,,,,,,,,,,,,,,
Ireland,IRL,"Suicide mortality rate (per 100,000 population)",SH.STA.SUIC.P5,,,,,,,,,,,,,,,,,,,,,,,,,,,,,,,,,,,,,,,,,12.7,13.2,12.2,12.1,11.9,11.8,10.9,11.5,12.2,14,11.9,12.5,12.4,11.4,11,9.3,10,10,9.9,9.6,
"Iran, Islamic Rep.",IRN,"Suicide mortality rate (per 100,000 population)",SH.STA.SUIC.P5,,,,,,,,,,,,,,,,,,,,,,,,,,,,,,,,,,,,,,,,,8,7.8,7.5,7,6.7,6.3,6,6.4,6.2,6.2,6.3,6.8,6.7,6.6,6.5,6.3,6.2,6,5.7,5.2,
Iraq,IRQ,"Suicide mortality rate (per 100,000 population)",SH.STA.SUIC.P5,,,,,,,,,,,,,,,,,,,,,,,,,,,,,,,,,,,,,,,,,3.8,3.8,3.8,3.8,3.8,3.8,3.8,3.7,3.6,3.7,3.9,4.1,4.1,4.2,4.1,4.1,4,3.9,3.7,3.6,
Iceland,ISL,"Suicide mortality rate (per 100,000 population)",SH.STA.SUIC.P5,,,,,,,,,,,,,,,,,,,,,,,,,,,,,,,,,,,,,,,,,13.1,12.8,12.2,12.5,12.4,11.8,12.5,14.8,14.8,14.3,12.8,11.6,13.5,13.9,15.7,14.3,13,12.2,10.8,11.9,
Israel,ISR,"Suicide mortality rate (per 100,000 population)",SH.STA.SUIC.P5,,,,,,,,,,,,,,,,,,,,,,,,,,,,,,,,,,,,,,,,,6.8,6.4,5.9,6.4,6.1,6.7,5.5,5.2,5.3,6,6.7,5.7,6.1,5.2,5.1,4.5,5.2,5.1,5.4,5.3,
Italy,ITA,"Suicide mortality rate (per 100,000 population)",SH.STA.SUIC.P5,,,,,,,,,,,,,,,,,,,,,,,,,,,,,,,,,,,,,,,,,7.5,7.3,7.4,7.4,7.2,6.7,6.7,6.7,6.9,7,6.9,7.4,7.6,7.5,7.2,7.1,6.6,7.1,6.7,6.7,
Jamaica,JAM,"Suicide mortality rate (per 100,000 population)",SH.STA.SUIC.P5,,,,,,,,,,,,,,,,,,,,,,,,,,,,,,,,,,,,,,,,,1.9,1.9,1.8,1.7,1.6,1.5,1.5,1.8,2.2,2.3,1.9,2.2,2.1,2,2.2,2.2,2.2,2.3,2.3,2.4,
Jordan,JOR,"Suicide mortality rate (per 100,000 population)",SH.STA.SUIC.P5,,,,,,,,,,,,,,,,,,,,,,,,,,,,,,,,,,,,,,,,,2.5,2.4,2.3,2.3,2.2,2,1.9,1.7,1.7,1.6,1.5,1.5,1.5,1.5,1.5,1.5,1.5,1.5,1.6,1.6,
Japan,JPN,"Suicide mortality rate (per 100,000 population)",SH.STA.SUIC.P5,,,,,,,,,,,,,,,,,,,,,,,,,,,,,,,,,,,,,,,,,23.9,23.2,23.8,25.6,24.1,24.3,23.9,25,24.4,24.9,24.1,23.4,21.6,21.4,20.1,19.1,17.5,17,16.7,15.3,
Kazakhstan,KAZ,"Suicide mortality rate (per 100,000 population)",SH.STA.SUIC.P5,,,,,,,,,,,,,,,,,,,,,,,,,,,,,,,,,,,,,,,,,38.7,39,38.2,39.2,39.7,39.2,38,38,34.6,30.3,29.9,28.7,27.6,26.3,24.2,23.2,21.7,20.8,19,17.6,
Kenya,KEN,"Suicide mortality rate (per 100,000 population)",SH.STA.SUIC.P5,,,,,,,,,,,,,,,,,,,,,,,,,,,,,,,,,,,,,,,,,7.6,6.9,6.4,6.1,5.7,6,6,6.3,6.2,6,6,5.9,5.9,5.9,5.7,5.5,5.4,5.6,6,6.1,
Kyrgyz Republic,KGZ,"Suicide mortality rate (per 100,000 population)",SH.STA.SUIC.P5,,,,,,,,,,,,,,,,,,,,,,,,,,,,,,,,,,,,,,,,,14.8,14.1,14,13.2,12.6,13.2,13.1,12.6,12.3,11.9,11.4,11.3,10.9,10.5,10.5,9.9,8.6,8.3,8,7.4,
Cambodia,KHM,"Suicide mortality rate (per 100,000 population)",SH.STA.SUIC.P5,,,,,,,,,,,,,,,,,,,,,,,,,,,,,,,,,,,,,,,,,5,5.1,5.1,5.1,5.3,5.5,5.7,5.7,5.6,5.4,5.4,5.3,5.2,5.2,5.1,5.1,5.1,5,4.9,4.9,
Kiribati,KIR,"Suicide mortality rate (per 100,000 population)",SH.STA.SUIC.P5,,,,,,,,,,,,,,,,,,,,,,,,,,,,,,,,,,,,,,,,,31.2,31.1,30.9,29.4,29.3,30.1,29.4,30.9,31.5,30.9,30.7,30.8,30,30.5,29.8,29.7,29.5,29.6,28.1,28.3,
St. Kitts and Nevis,KNA,"Suicide mortality rate (per 100,000 population)",SH.STA.SUIC.P5,,,,,,,,,,,,,,,,,,,,,,,,,,,,,,,,,,,,,,,,,,,,,,,,,,,,,,,,,,,,,
"Korea, Rep.",KOR,"Suicide mortality rate (per 100,000 population)",SH.STA.SUIC.P5,,,,,,,,,,,,,,,,,,,,,,,,,,,,,,,,,,,,,,,,,14.5,15.6,19,24.1,25.4,26.7,23.7,26.7,28.6,34.2,34,34.5,30.2,30.6,29,28,27.2,25.8,28.6,28.6,
Kuwait,KWT,"Suicide mortality rate (per 100,000 population)",SH.STA.SUIC.P5,,,,,,,,,,,,,,,,,,,,,,,,,,,,,,,,,,,,,,,,,3,2.6,2.8,2.6,2.7,2.6,2.7,2.6,2.9,2.7,2.5,2.3,2.4,2.4,2.5,2.6,2.6,2.7,2.8,2.9,
Latin America & Caribbean (excluding high income),LAC,"Suicide mortality rate (per 100,000 population)",SH.STA.SUIC.P5,,,,,,,,,,,,,,,,,,,,,,,,,,,,,,,,,,,,,,,,,5.108681142,5.367611147,5.355036283,5.301968729,5.246647823,5.343843788,5.265559514,5.255676964,5.417958084,5.493492476,5.407585901,5.606834949,5.628703252,5.670345572,5.772106248,5.852360376,5.838632475,6.208802556,6.188430386,6.050434501,
Lao PDR,LAO,"Suicide mortality rate (per 100,000 population)",SH.STA.SUIC.P5,,,,,,,,,,,,,,,,,,,,,,,,,,,,,,,,,,,,,,,,,6.9,6.9,6.7,6.5,6.5,6.5,6.4,6.3,6.3,6.1,6,5.9,5.7,5.7,5.5,5.6,5.6,5.6,5.6,5.4,
Lebanon,LBN,"Suicide mortality rate (per 100,000 population)",SH.STA.SUIC.P5,,,,,,,,,,,,,,,,,,,,,,,,,,,,,,,,,,,,,,,,,2.8,2.7,2.7,2.6,2.7,2.7,2.5,2.9,2.9,3,3,3,3,3,2.8,2.8,2.7,3,2.5,2.8,
Liberia,LBR,"Suicide mortality rate (per 100,000 population)",SH.STA.SUIC.P5,,,,,,,,,,,,,,,,,,,,,,,,,,,,,,,,,,,,,,,,,5.1,4.8,4.8,4.8,4.8,4.7,4.8,4.9,4.8,4.8,4.9,5,5,4.9,4.9,4.5,4.5,4.5,4.4,4.5,
Libya,LBY,"Suicide mortality rate (per 100,000 population)",SH.STA.SUIC.P5,,,,,,,,,,,,,,,,,,,,,,,,,,,,,,,,,,,,,,,,,4.9,5.1,5.2,5.1,4.4,4.3,4.2,4.9,5.4,5.7,5.6,5.1,5.7,4.8,6.3,5.6,5,5.5,5.8,4.5,
St. Lucia,LCA,"Suicide mortality rate (per 100,000 population)",SH.STA.SUIC.P5,,,,,,,,,,,,,,,,,,,,,,,,,,,,,,,,,,,,,,,,,7.2,7.3,6.8,7.2,6.9,7.1,7.6,7.1,8,7.2,7.9,7.2,8.7,8.3,8.9,8.7,7.4,7.9,8,7.9,
Latin America & Caribbean,LCN,"Suicide mortality rate (per 100,000 population)",SH.STA.SUIC.P5,,,,,,,,,,,,,,,,,,,,,,,,,,,,,,,,,,,,,,,,,5.358640848,5.596040081,5.589486237,5.513608154,5.468722854,5.540441383,5.478125153,5.502853975,5.687152228,5.763296393,5.650939264,5.842036642,5.830290877,5.839313856,5.951710512,6.029308613,6.031450331,6.361324834,6.326150626,6.199151995,
Least developed countries: UN classification,LDC,"Suicide mortality rate (per 100,000 population)",SH.STA.SUIC.P5,,,,,,,,,,,,,,,,,,,,,,,,,,,,,,,,,,,,,,,,,7.654426244,7.346247494,7.111546741,6.961047425,6.831059645,6.760725476,6.752038565,6.611623577,6.565035795,6.541061898,6.44147888,6.281286563,6.10242826,5.985808503,5.857670701,5.779031728,5.725066732,5.67214731,5.689519144,5.69029373,
Low income,LIC,"Suicide mortality rate (per 100,000 population)",SH.STA.SUIC.P5,,,,,,,,,,,,,,,,,,,,,,,,,,,,,,,,,,,,,,,,,7.981042623,7.719174284,7.537593805,7.395710679,7.282485255,7.213736089,7.1336566,7.003163382,6.940528267,6.950496493,6.870328539,6.754594423,6.595440361,6.46129193,6.317213008,6.24536174,6.194900015,6.11210142,6.117343836,6.112486804,
Liechtenstein,LIE,"Suicide mortality rate (per 100,000 population)",SH.STA.SUIC.P5,,,,,,,,,,,,,,,,,,,,,,,,,,,,,,,,,,,,,,,,,,,,,,,,,,,,,,,,,,,,,
Sri Lanka,LKA,"Suicide mortality rate (per 100,000 population)",SH.STA.SUIC.P5,,,,,,,,,,,,,,,,,,,,,,,,,,,,,,,,,,,,,,,,,26.7,21.8,21,20.9,21.8,28.6,18.3,20,17.5,22.7,21.9,17.9,16.6,15.2,13.1,15.1,14.8,14.4,14.2,14,
Lower middle income,LMC,"Suicide mortality rate (per 100,000 population)",SH.STA.SUIC.P5,,,,,,,,,,,,,,,,,,,,,,,,,,,,,,,,,,,,,,,,,12.6317338,12.24530588,11.90819595,11.43038325,11.3340838,11.51198956,11.41683286,11.27558721,11.12878165,10.7596462,10.72927031,10.68114775,10.4231991,10.06805985,9.578194784,9.261880163,9.103151444,8.981403464,9.232549213,9.247406651,
Low & middle income,LMY,"Suicide mortality rate (per 100,000 population)",SH.STA.SUIC.P5,,,,,,,,,,,,,,,,,,,,,,,,,,,,,,,,,,,,,,,,,12.7432936,12.13814382,11.76249572,11.62885815,11.61283133,11.52383384,11.09237242,10.76497468,10.56960694,10.22686753,10.03514162,9.794074884,9.467584909,9.168416173,8.892250619,8.626471471,8.540081671,8.400784269,8.474168467,8.398200103,
Lesotho,LSO,"Suicide mortality rate (per 100,000 population)",SH.STA.SUIC.P5,,,,,,,,,,,,,,,,,,,,,,,,,,,,,,,,,,,,,,,,,28.6,27.3,29.2,31.9,33.5,33.6,40.3,45,57.8,63.3,65.4,69.5,79.1,87.6,92.6,92.4,87,78.3,76.6,72.4,
Late-demographic dividend,LTE,"Suicide mortality rate (per 100,000 population)",SH.STA.SUIC.P5,,,,,,,,,,,,,,,,,,,,,,,,,,,,,,,,,,,,,,,,,15.6059596,14.5319982,14.03559824,14.2891582,14.47857256,14.19308321,13.22051858,12.60776265,12.28510766,11.94131851,11.55301893,10.97708166,10.50487056,10.1312775,9.969558212,9.683645077,9.631189253,9.358165952,9.302676159,9.125233529,
Lithuania,LTU,"Suicide mortality rate (per 100,000 population)",SH.STA.SUIC.P5,,,,,,,,,,,,,,,,,,,,,,,,,,,,,,,,,,,,,,,,,50.1,47.1,47,45.4,43.3,42.7,35.2,34.5,37.8,39.2,37.2,38.1,35,40.5,35.6,34.9,32.8,29.7,27.4,26.1,
Luxembourg,LUX,"Suicide mortality rate (per 100,000 population)",SH.STA.SUIC.P5,,,,,,,,,,,,,,,,,,,,,,,,,,,,,,,,,,,,,,,,,16.1,16.7,16.1,15.3,12.1,13.4,15.2,14,13.4,11.3,12,11.9,11.3,11.3,12.7,12.2,10.2,9.8,10.6,11.3,
Latvia,LVA,"Suicide mortality rate (per 100,000 population)",SH.STA.SUIC.P5,,,,,,,,,,,,,,,,,,,,,,,,,,,,,,,,,,,,,,,,,34.7,32.2,31.5,29.1,26.8,26.5,23.2,20.9,26.4,26.3,22.5,22.7,23.5,20.6,20.7,21.6,21.3,21.4,18.1,20.1,
"Macao SAR, China",MAC,"Suicide mortality rate (per 100,000 population)",SH.STA.SUIC.P5,,,,,,,,,,,,,,,,,,,,,,,,,,,,,,,,,,,,,,,,,,,,,,,,,,,,,,,,,,,,,
St. Martin (French part),MAF,"Suicide mortality rate (per 100,000 population)",SH.STA.SUIC.P5,,,,,,,,,,,,,,,,,,,,,,,,,,,,,,,,,,,,,,,,,,,,,,,,,,,,,,,,,,,,,
Morocco,MAR,"Suicide mortality rate (per 100,000 population)",SH.STA.SUIC.P5,,,,,,,,,,,,,,,,,,,,,,,,,,,,,,,,,,,,,,,,,9.9,9.9,9.6,9.6,9.5,9.4,9.3,9.3,9.3,9.2,9.2,9.2,8.9,8,7.7,7.4,7.2,7.1,7.2,7.2,
Monaco,MCO,"Suicide mortality rate (per 100,000 population)",SH.STA.SUIC.P5,,,,,,,,,,,,,,,,,,,,,,,,,,,,,,,,,,,,,,,,,,,,,,,,,,,,,,,,,,,,,
Moldova,MDA,"Suicide mortality rate (per 100,000 population)",SH.STA.SUIC.P5,,,,,,,,,,,,,,,,,,,,,,,,,,,,,,,,,,,,,,,,,17.2,18.6,17.7,18.5,18.3,19.4,19.7,17.2,19.1,19.7,20.5,15.3,17,17,17.2,16.2,15.9,14.9,14.4,14.7,
Madagascar,MDG,"Suicide mortality rate (per 100,000 population)",SH.STA.SUIC.P5,,,,,,,,,,,,,,,,,,,,,,,,,,,,,,,,,,,,,,,,,5.8,5.7,5.8,5.9,5.9,5.8,5.8,5.7,5.7,5.7,5.7,5.7,5.6,5.6,5.6,5.5,5.5,5.5,5.5,5.5,
Maldives,MDV,"Suicide mortality rate (per 100,000 population)",SH.STA.SUIC.P5,,,,,,,,,,,,,,,,,,,,,,,,,,,,,,,,,,,,,,,,,3.8,3.7,3.5,3.5,2.9,3,3.1,3,3.1,2.9,2.7,2.6,2.6,2.6,2.7,2.8,3.1,3.1,2.9,2.7,
Middle East & North Africa,MEA,"Suicide mortality rate (per 100,000 population)",SH.STA.SUIC.P5,,,,,,,,,,,,,,,,,,,,,,,,,,,,,,,,,,,,,,,,,5.255432936,5.224747522,5.09903731,4.965164384,4.843208326,4.763933431,4.664661523,4.753224727,4.744257944,4.763686065,4.840482786,4.9687014,4.971353112,4.855948456,4.784226981,4.636661498,4.561264385,4.451841583,4.422754263,4.309394101,
Mexico,MEX,"Suicide mortality rate (per 100,000 population)",SH.STA.SUIC.P5,,,,,,,,,,,,,,,,,,,,,,,,,,,,,,,,,,,,,,,,,3.5,3.8,3.9,4,4,4.1,4,4.1,4.4,4.6,4.5,5.2,4.9,5.2,5.7,5.6,5.6,5.9,5.4,5.3,
Marshall Islands,MHL,"Suicide mortality rate (per 100,000 population)",SH.STA.SUIC.P5,,,,,,,,,,,,,,,,,,,,,,,,,,,,,,,,,,,,,,,,,,,,,,,,,,,,,,,,,,,,,
Middle income,MIC,"Suicide mortality rate (per 100,000 population)",SH.STA.SUIC.P5,,,,,,,,,,,,,,,,,,,,,,,,,,,,,,,,,,,,,,,,,13.15866635,12.52927531,12.1422347,12.01540445,12.01465353,11.93026937,11.47177754,11.13142871,10.92884274,10.55627636,10.35813269,10.10873694,9.769050581,9.456412758,9.169926281,8.886813914,8.800139593,8.658253038,8.743310296,8.663343017,
North Macedonia,MKD,"Suicide mortality rate (per 100,000 population)",SH.STA.SUIC.P5,,,,,,,,,,,,,,,,,,,,,,,,,,,,,,,,,,,,,,,,,9.3,12.8,9.7,9.1,10.6,8.6,9.7,9.4,9.4,9.7,7.1,7.4,10,9.7,9.3,9.2,9.3,9.3,9.4,9.4,
Mali,MLI,"Suicide mortality rate (per 100,000 population)",SH.STA.SUIC.P5,,,,,,,,,,,,,,,,,,,,,,,,,,,,,,,,,,,,,,,,,4.8,4.7,4.7,4.6,4.5,4.6,4.5,4.6,4.6,4.6,4.5,4.5,4.5,4.5,4.4,4.3,4.2,4.1,4.1,4.1,
Malta,MLT,"Suicide mortality rate (per 100,000 population)",SH.STA.SUIC.P5,,,,,,,,,,,,,,,,,,,,,,,,,,,,,,,,,,,,,,,,,6.8,7.2,5.7,5.4,5.9,5.6,6.8,5.5,6.4,6.9,7.5,6.8,6,6.8,7.1,7.2,5.8,5.5,6,6.1,
Myanmar,MMR,"Suicide mortality rate (per 100,000 population)",SH.STA.SUIC.P5,,,,,,,,,,,,,,,,,,,,,,,,,,,,,,,,,,,,,,,,,4.7,4.4,4.4,4.3,4.2,4.1,4.1,3.9,3.6,3.6,3.5,3.4,3.3,3.3,3.2,3.2,3.2,3,2.9,2.9,
Middle East & North Africa (excluding high income),MNA,"Suicide mortality rate (per 100,000 population)",SH.STA.SUIC.P5,,,,,,,,,,,,,,,,,,,,,,,,,,,,,,,,,,,,,,,,,5.334113497,5.297281055,5.168058443,5.00084521,4.872545559,4.738452177,4.614489845,4.677961909,4.623143432,4.591207621,4.619031701,4.752324011,4.739216607,4.632461929,4.557277083,4.438452658,4.349954573,4.242028588,4.194987026,4.057305159,
Montenegro,MNE,"Suicide mortality rate (per 100,000 population)",SH.STA.SUIC.P5,,,,,,,,,,,,,,,,,,,,,,,,,,,,,,,,,,,,,,,,,20.8,19.9,20.2,20.9,21.2,21.7,22.3,21,20.9,20.9,20.3,20.9,21,20.4,20.6,20.7,20.8,21.1,21.2,21,
Mongolia,MNG,"Suicide mortality rate (per 100,000 population)",SH.STA.SUIC.P5,,,,,,,,,,,,,,,,,,,,,,,,,,,,,,,,,,,,,,,,,22,22.3,21.7,23.1,23.7,24,23.7,23.6,23.8,23.6,23.4,22.7,21.7,21,20,20,20.1,19.2,18.6,17.9,
Northern Mariana Islands,MNP,"Suicide mortality rate (per 100,000 population)",SH.STA.SUIC.P5,,,,,,,,,,,,,,,,,,,,,,,,,,,,,,,,,,,,,,,,,,,,,,,,,,,,,,,,,,,,,
Mozambique,MOZ,"Suicide mortality rate (per 100,000 population)",SH.STA.SUIC.P5,,,,,,,,,,,,,,,,,,,,,,,,,,,,,,,,,,,,,,,,,12.5,12.4,12.3,12.3,12.4,12.6,12.6,12.6,13.5,14.5,14.9,15.3,15.7,15.3,14.4,13.9,13.6,13.4,13.5,13.6,
Mauritania,MRT,"Suicide mortality rate (per 100,000 population)",SH.STA.SUIC.P5,,,,,,,,,,,,,,,,,,,,,,,,,,,,,,,,,,,,,,,,,3.5,3.4,3.4,3.3,3.3,3.2,3.2,3.2,3.1,3.1,3.1,3,3.1,3.1,3.1,3,3,3.1,3.1,3.1,
Mauritius,MUS,"Suicide mortality rate (per 100,000 population)",SH.STA.SUIC.P5,,,,,,,,,,,,,,,,,,,,,,,,,,,,,,,,,,,,,,,,,11.8,10.1,11.3,7.7,8.2,9,9.2,10.3,6.7,9.1,7.8,9,9.6,8.2,10.2,7.9,8.1,9.6,8.7,9.5,
Malawi,MWI,"Suicide mortality rate (per 100,000 population)",SH.STA.SUIC.P5,,,,,,,,,,,,,,,,,,,,,,,,,,,,,,,,,,,,,,,,,10.8,9.8,8.8,8.2,7.8,7.2,7.5,7.8,7.6,8,8.2,7.3,6.8,6.4,6.3,6.2,6.1,5.9,5.6,5.4,
Malaysia,MYS,"Suicide mortality rate (per 100,000 population)",SH.STA.SUIC.P5,,,,,,,,,,,,,,,,,,,,,,,,,,,,,,,,,,,,,,,,,4.7,4.5,4.5,4.7,4.7,4.6,4.5,4.4,4.5,4.6,4.5,4.6,4.6,4.4,4.6,4.8,5.1,5.4,5.4,5.7,
North America,NAC,"Suicide mortality rate (per 100,000 population)",SH.STA.SUIC.P5,,,,,,,,,,,,,,,,,,,,,,,,,,,,,,,,,,,,,,,,,11.08827656,11.47853645,11.8098312,11.7688444,11.88032884,11.9295128,12.01142481,12.31140877,12.58173234,12.72096627,13.00095468,13.19151957,13.3306843,13.36009855,13.8697663,14.25972851,14.77817824,15.6068539,15.32298241,15.65812736,
Namibia,NAM,"Suicide mortality rate (per 100,000 population)",SH.STA.SUIC.P5,,,,,,,,,,,,,,,,,,,,,,,,,,,,,,,,,,,,,,,,,19.3,18.8,18.7,18.2,16.7,17.8,17.7,17.3,14.1,13.1,12.9,11.4,10.2,10.2,10.9,11.6,10.7,10.9,9.9,9.7,
New Caledonia,NCL,"Suicide mortality rate (per 100,000 population)",SH.STA.SUIC.P5,,,,,,,,,,,,,,,,,,,,,,,,,,,,,,,,,,,,,,,,,,,,,,,,,,,,,,,,,,,,,
Niger,NER,"Suicide mortality rate (per 100,000 population)",SH.STA.SUIC.P5,,,,,,,,,,,,,,,,,,,,,,,,,,,,,,,,,,,,,,,,,5,5.1,5.1,5.2,5.1,5.3,5.2,5.3,5.2,5.3,5.3,5.4,5.5,5.5,5.5,5.4,5.3,5.3,5.3,5.3,
Nigeria,NGA,"Suicide mortality rate (per 100,000 population)",SH.STA.SUIC.P5,,,,,,,,,,,,,,,,,,,,,,,,,,,,,,,,,,,,,,,,,4.9,4.9,4.8,4.8,4.8,4.8,4.7,4.7,4.6,4.5,4.4,4.4,4.2,4.1,3.9,3.7,3.7,3.6,3.5,3.5,
Nicaragua,NIC,"Suicide mortality rate (per 100,000 population)",SH.STA.SUIC.P5,,,,,,,,,,,,,,,,,,,,,,,,,,,,,,,,,,,,,,,,,5.5,5.2,5,5.6,5.4,5.2,4.6,4.9,5.1,5,4.8,5.5,4.4,5.3,4.5,4.2,4.4,4.4,4.5,4.4,
Netherlands,NLD,"Suicide mortality rate (per 100,000 population)",SH.STA.SUIC.P5,,,,,,,,,,,,,,,,,,,,,,,,,,,,,,,,,,,,,,,,,9.6,9.6,10,9.6,9.7,9.8,9.6,8.4,9,9.5,9.8,10.1,10.7,11.8,11.6,11.8,11.9,12.1,11.4,11.8,
Norway,NOR,"Suicide mortality rate (per 100,000 population)",SH.STA.SUIC.P5,,,,,,,,,,,,,,,,,,,,,,,,,,,,,,,,,,,,,,,,,13.9,14.2,12.1,11.8,12.8,12.4,12.8,11.8,11.8,13,12.4,13.3,11.4,11.8,11.6,12.5,12.6,12.1,12,11.8,
Nepal,NPL,"Suicide mortality rate (per 100,000 population)",SH.STA.SUIC.P5,,,,,,,,,,,,,,,,,,,,,,,,,,,,,,,,,,,,,,,,,8.5,8.1,8,7.8,7.7,7.9,7.7,8,8.3,8.5,8.7,8.9,8.9,8.7,8.5,8.5,8.5,8.7,8.8,9,
Nauru,NRU,"Suicide mortality rate (per 100,000 population)",SH.STA.SUIC.P5,,,,,,,,,,,,,,,,,,,,,,,,,,,,,,,,,,,,,,,,,,,,,,,,,,,,,,,,,,,,,
New Zealand,NZL,"Suicide mortality rate (per 100,000 population)",SH.STA.SUIC.P5,,,,,,,,,,,,,,,,,,,,,,,,,,,,,,,,,,,,,,,,,12.5,13.9,12.5,13.7,12.6,12.9,13.1,12.3,12.4,11.5,12.6,11.4,12.7,12.2,11.3,11.7,12.2,12.7,11.4,11,
OECD members,OED,"Suicide mortality rate (per 100,000 population)",SH.STA.SUIC.P5,,,,,,,,,,,,,,,,,,,,,,,,,,,,,,,,,,,,,,,,,12.56351618,12.49261748,12.73091684,13.01734522,12.81831409,12.74979784,12.39947239,12.52074469,12.78905947,13.19769888,13.05315944,13.10604956,12.77799009,12.78034214,12.62637016,12.49046239,12.21529501,12.3544395,12.16143253,11.9595199,
Oman,OMN,"Suicide mortality rate (per 100,000 population)",SH.STA.SUIC.P5,,,,,,,,,,,,,,,,,,,,,,,,,,,,,,,,,,,,,,,,,6.2,6.2,5.9,6.1,5.9,6,6.5,6.8,6.8,6.5,6.7,6.1,5.4,5.3,5.1,5,4.7,4.7,4.7,4.9,
Other small states,OSS,"Suicide mortality rate (per 100,000 population)",SH.STA.SUIC.P5,,,,,,,,,,,,,,,,,,,,,,,,,,,,,,,,,,,,,,,,,15.72977152,15.54373837,15.59579399,15.34319286,15.29203746,15.34961869,15.70193484,16.12791368,16.58387568,16.67438499,16.16584653,15.94120103,16.48607555,16.48800326,16.63358478,16.01947822,15.23062642,14.50409451,13.98388985,13.50910962,
Pakistan,PAK,"Suicide mortality rate (per 100,000 population)",SH.STA.SUIC.P5,,,,,,,,,,,,,,,,,,,,,,,,,,,,,,,,,,,,,,,,,8.8,8.9,9.1,9.1,9.2,9,9.2,9.1,9,8.8,8.8,8.7,8.8,8.9,8.9,9,9.1,9.1,8.9,8.9,
Panama,PAN,"Suicide mortality rate (per 100,000 population)",SH.STA.SUIC.P5,,,,,,,,,,,,,,,,,,,,,,,,,,,,,,,,,,,,,,,,,5.4,5.7,5.3,5.9,5.8,5,5.7,4.9,5.4,4.8,4.2,3.8,3.6,3.4,4.1,2.9,3.3,3.2,2.9,2.9,
Peru,PER,"Suicide mortality rate (per 100,000 population)",SH.STA.SUIC.P5,,,,,,,,,,,,,,,,,,,,,,,,,,,,,,,,,,,,,,,,,3.1,2.9,2.9,3,2.8,2.7,2.7,2.6,2.7,3.3,3.5,3.3,3.2,3.1,2.9,2.7,2.6,2.7,2.8,2.8,
Philippines,PHL,"Suicide mortality rate (per 100,000 population)",SH.STA.SUIC.P5,,,,,,,,,,,,,,,,,,,,,,,,,,,,,,,,,,,,,,,,,1.8,1.5,1.7,1.8,1.8,1.9,2,1.9,2,2.3,2.4,2.7,2.4,2.4,2.3,2.3,2.2,2.2,2.2,2.2,
Palau,PLW,"Suicide mortality rate (per 100,000 population)",SH.STA.SUIC.P5,,,,,,,,,,,,,,,,,,,,,,,,,,,,,,,,,,,,,,,,,,,,,,,,,,,,,,,,,,,,,
Papua New Guinea,PNG,"Suicide mortality rate (per 100,000 population)",SH.STA.SUIC.P5,,,,,,,,,,,,,,,,,,,,,,,,,,,,,,,,,,,,,,,,,2.1,2.3,2.3,2.4,2.4,2.4,2.4,2.5,2.5,2.4,2.6,2.6,2.7,2.7,2.9,3,3,2.8,2.9,3,
Poland,POL,"Suicide mortality rate (per 100,000 population)",SH.STA.SUIC.P5,,,,,,,,,,,,,,,,,,,,,,,,,,,,,,,,,,,,,,,,,17,17.2,17.3,17,17.6,17.7,17.1,15.7,17,19.2,18.6,18,18.5,18.2,17.4,15.9,13.8,13.3,12.7,11.3,
Pre-demographic dividend,PRE,"Suicide mortality rate (per 100,000 population)",SH.STA.SUIC.P5,,,,,,,,,,,,,,,,,,,,,,,,,,,,,,,,,,,,,,,,,7.430957305,7.174750767,6.976926201,6.880384014,6.792904417,6.748798041,6.726920619,6.581226081,6.485421845,6.469349122,6.414338416,6.358996597,6.22427742,6.128600023,5.917788417,5.767938835,5.682862974,5.614093642,5.595432303,5.585185995,
Puerto Rico,PRI,"Suicide mortality rate (per 100,000 population)",SH.STA.SUIC.P5,,,,,,,,,,,,,,,,,,,,,,,,,,,,,,,,,,,,,,,,,,,,,,,,,,,,,,,,,,,,,
"Korea, Dem. People's Rep.",PRK,"Suicide mortality rate (per 100,000 population)",SH.STA.SUIC.P5,,,,,,,,,,,,,,,,,,,,,,,,,,,,,,,,,,,,,,,,,9.8,9.5,9.5,9.2,9,8.9,8.9,9,9.4,9.4,9.5,9.7,9.7,9.9,10,10.5,10.4,9.8,9.3,9.4,
Portugal,PRT,"Suicide mortality rate (per 100,000 population)",SH.STA.SUIC.P5,,,,,,,,,,,,,,,,,,,,,,,,,,,,,,,,,,,,,,,,,7.6,8.8,12.5,11.9,10.6,11.4,11.5,12.6,13.1,13.1,13.6,12.3,13.5,12.5,14.2,13.2,11.4,12,11.7,11.5,
Paraguay,PRY,"Suicide mortality rate (per 100,000 population)",SH.STA.SUIC.P5,,,,,,,,,,,,,,,,,,,,,,,,,,,,,,,,,,,,,,,,,3.1,3.1,3.6,3.4,4.2,4.4,4.2,3.8,3.6,4.4,3.5,4.6,4.6,4.9,5.9,5.7,5.3,6.1,6,6,
West Bank and Gaza,PSE,"Suicide mortality rate (per 100,000 population)",SH.STA.SUIC.P5,,,,,,,,,,,,,,,,,,,,,,,,,,,,,,,,,,,,,,,,,,,,,,,,,,,,,,,,,,,,,
Pacific island small states,PSS,"Suicide mortality rate (per 100,000 population)",SH.STA.SUIC.P5,,,,,,,,,,,,,,,,,,,,,,,,,,,,,,,,,,,,,,,,,13.92746955,13.73447121,13.6077405,13.45458966,13.14040358,13.28602932,13.28248137,13.68272468,13.92192709,13.91282117,14.00573874,14.10090845,14.17659254,14.12950421,13.98280436,13.92252133,13.87936745,13.90566449,13.76670323,13.6551147,
Post-demographic dividend,PST,"Suicide mortality rate (per 100,000 population)",SH.STA.SUIC.P5,,,,,,,,,,,,,,,,,,,,,,,,,,,,,,,,,,,,,,,,,15.78561471,15.56087755,15.85253005,16.09741453,15.81410127,15.75693481,15.22569982,15.39810588,15.60617517,15.7847975,15.62464399,15.5959945,15.21027866,15.17460544,15.02652762,14.80780961,14.52890485,14.65823495,14.61350772,14.41823794,
French Polynesia,PYF,"Suicide mortality rate (per 100,000 population)",SH.STA.SUIC.P5,,,,,,,,,,,,,,,,,,,,,,,,,,,,,,,,,,,,,,,,,,,,,,,,,,,,,,,,,,,,,
Qatar,QAT,"Suicide mortality rate (per 100,000 population)",SH.STA.SUIC.P5,,,,,,,,,,,,,,,,,,,,,,,,,,,,,,,,,,,,,,,,,7.8,8,7.8,7.4,7.2,6.8,6.8,8.4,8.3,8.4,8.2,8,7.4,6.7,6.3,6.1,6.1,5.8,5.8,5.8,
Romania,ROU,"Suicide mortality rate (per 100,000 population)",SH.STA.SUIC.P5,,,,,,,,,,,,,,,,,,,,,,,,,,,,,,,,,,,,,,,,,12.9,12.3,14.2,13.5,12.7,12.3,12.9,11.6,11.7,12.2,13.2,12.1,12.6,12.2,11.3,11.5,10.2,10.1,10.2,9.7,
Russian Federation,RUS,"Suicide mortality rate (per 100,000 population)",SH.STA.SUIC.P5,,,,,,,,,,,,,,,,,,,,,,,,,,,,,,,,,,,,,,,,,53.8,52.4,52,51.6,50.1,49.8,44.8,41.7,40.7,38.4,38.1,35.9,34.4,33.5,33.8,32,31,28.2,27.1,25.1,
Rwanda,RWA,"Suicide mortality rate (per 100,000 population)",SH.STA.SUIC.P5,,,,,,,,,,,,,,,,,,,,,,,,,,,,,,,,,,,,,,,,,15.8,14,12.5,11,9.6,8.8,8.4,8,7.5,7,6.6,6.2,6,5.8,5.8,5.7,5.7,5.6,5.6,5.6,
South Asia,SAS,"Suicide mortality rate (per 100,000 population)",SH.STA.SUIC.P5,,,,,,,,,,,,,,,,,,,,,,,,,,,,,,,,,,,,,,,,,14.94733494,14.54469243,14.12717758,13.48929137,13.40820064,13.69873484,13.66267124,13.43818057,13.22585944,12.80451316,12.84902115,12.82227998,12.48136332,11.99742371,11.28600815,10.93476639,10.78866018,10.71907883,11.14691308,11.22568039,
Saudi Arabia,SAU,"Suicide mortality rate (per 100,000 population)",SH.STA.SUIC.P5,,,,,,,,,,,,,,,,,,,,,,,,,,,,,,,,,,,,,,,,,3.2,3.3,3.4,3.5,3.4,3.7,4,4.3,4.6,5,5.5,6.1,6.4,6.5,6.6,6.3,6.3,6.2,6.1,6,
Sudan,SDN,"Suicide mortality rate (per 100,000 population)",SH.STA.SUIC.P5,,,,,,,,,,,,,,,,,,,,,,,,,,,,,,,,,,,,,,,,,4.3,4.2,4.2,4.1,4.1,4.2,4.1,4.1,4.1,4.1,4,4.1,4,4,3.9,3.9,3.9,3.8,3.9,3.8,
Senegal,SEN,"Suicide mortality rate (per 100,000 population)",SH.STA.SUIC.P5,,,,,,,,,,,,,,,,,,,,,,,,,,,,,,,,,,,,,,,,,7.8,7.6,7.5,7.4,7.3,7.2,7,6.7,6.8,6.7,6.6,6.5,6.5,6.5,6.5,6.4,6.3,6.2,6.1,6,
Singapore,SGP,"Suicide mortality rate (per 100,000 population)",SH.STA.SUIC.P5,,,,,,,,,,,,,,,,,,,,,,,,,,,,,,,,,,,,,,,,,12.4,11.3,12.4,12.1,11.7,11.2,11.7,10.7,10.4,10.5,9.9,9.6,11.3,10.3,10.2,9,9.1,9,9.4,11.2,
Solomon Islands,SLB,"Suicide mortality rate (per 100,000 population)",SH.STA.SUIC.P5,,,,,,,,,,,,,,,,,,,,,,,,,,,,,,,,,,,,,,,,,14.4,14.1,14.3,14.6,13.8,14,14.1,15.2,15.8,15.8,15.7,15.7,15.6,15.4,15.3,15.2,15.1,15.1,15,14.7,
Sierra Leone,SLE,"Suicide mortality rate (per 100,000 population)",SH.STA.SUIC.P5,,,,,,,,,,,,,,,,,,,,,,,,,,,,,,,,,,,,,,,,,5.7,5.9,6,6.1,6.1,6,6.5,6.4,6.5,6.6,6.8,6.5,6.6,6.3,6.2,5.9,6.2,6.3,6.6,6.7,
El Salvador,SLV,"Suicide mortality rate (per 100,000 population)",SH.STA.SUIC.P5,,,,,,,,,,,,,,,,,,,,,,,,,,,,,,,,,,,,,,,,,6.2,6.8,5.3,6.5,6.8,7.8,6.6,7.9,6.8,8.6,6.1,8,6.8,6.4,5.8,6.9,5.7,6.1,6,6.1,
San Marino,SMR,"Suicide mortality rate (per 100,000 population)",SH.STA.SUIC.P5,,,,,,,,,,,,,,,,,,,,,,,,,,,,,,,,,,,,,,,,,,,,,,,,,,,,,,,,,,,,,
Somalia,SOM,"Suicide mortality rate (per 100,000 population)",SH.STA.SUIC.P5,,,,,,,,,,,,,,,,,,,,,,,,,,,,,,,,,,,,,,,,,9.1,8.9,8.9,8.9,9.1,8.9,8.7,8.4,8.5,8.5,8.2,8.1,8.1,8.1,8.1,8,7.9,8,8,7.9,
Serbia,SRB,"Suicide mortality rate (per 100,000 population)",SH.STA.SUIC.P5,,,,,,,,,,,,,,,,,,,,,,,,,,,,,,,,,,,,,,,,,23.1,21.8,22.4,21.2,21.3,20.1,19.5,18.7,18,19.5,17.2,18,18.2,17.9,17,16.4,15.2,0.6,11.3,11.4,
Sub-Saharan Africa (excluding high income),SSA,"Suicide mortality rate (per 100,000 population)",SH.STA.SUIC.P5,,,,,,,,,,,,,,,,,,,,,,,,,,,,,,,,,,,,,,,,,9.239257095,8.986422574,8.8569392,8.771417178,8.622367716,8.536722407,8.441265991,8.411591212,8.50561582,8.477241797,8.238437487,7.98406127,7.82513904,7.720576521,7.526463627,7.385187384,7.253578317,7.157165453,7.037425834,6.97278959,
South Sudan,SSD,"Suicide mortality rate (per 100,000 population)",SH.STA.SUIC.P5,,,,,,,,,,,,,,,,,,,,,,,,,,,,,,,,,,,,,,,,,4.3,4,3.9,3.9,3.9,3.9,3.9,3.9,3.8,3.7,3.7,3.6,3.7,3.6,3.5,3.6,3.7,3.7,3.8,3.9,
Sub-Saharan Africa,SSF,"Suicide mortality rate (per 100,000 population)",SH.STA.SUIC.P5,,,,,,,,,,,,,,,,,,,,,,,,,,,,,,,,,,,,,,,,,9.243820399,8.988398544,8.861106354,8.769637166,8.621745477,8.537457254,8.442429975,8.414427885,8.502811549,8.478059548,8.23776135,7.985477788,7.827555847,7.721214434,7.529977999,7.385898052,7.254693296,7.160211431,7.039481026,6.975778648,
Small states,SST,"Suicide mortality rate (per 100,000 population)",SH.STA.SUIC.P5,,,,,,,,,,,,,,,,,,,,,,,,,,,,,,,,,,,,,,,,,14.37640287,14.33460513,14.31141643,14.01004591,13.93219964,13.95022818,14.15671966,14.52408371,14.9883672,15.0540873,14.71400334,14.50892699,14.97298563,15.07763637,15.16728549,14.71410986,14.10618971,13.58532587,13.2071263,12.86393909,
Sao Tome and Principe,STP,"Suicide mortality rate (per 100,000 population)",SH.STA.SUIC.P5,,,,,,,,,,,,,,,,,,,,,,,,,,,,,,,,,,,,,,,,,1.4,1.5,1.6,1.3,1.5,1.3,1.5,1.6,1.6,1.5,1.5,1.4,1.5,1.5,1.5,1.5,1.5,1.5,1.5,1.5,
Suriname,SUR,"Suicide mortality rate (per 100,000 population)",SH.STA.SUIC.P5,,,,,,,,,,,,,,,,,,,,,,,,,,,,,,,,,,,,,,,,,21.5,24.2,24.4,24.3,23.6,24.2,24.6,24.5,24.5,24.4,25.5,24.3,25.2,25.1,24.7,24.8,24.4,24.5,25.5,25.4,
Slovak Republic,SVK,"Suicide mortality rate (per 100,000 population)",SH.STA.SUIC.P5,,,,,,,,,,,,,,,,,,,,,,,,,,,,,,,,,,,,,,,,,14.2,13.9,14.6,15,13.9,13.7,14.5,14,12.7,13.1,13.6,12.9,12.6,12.3,12.9,12.4,12.3,12.3,12.2,12.1,
Slovenia,SVN,"Suicide mortality rate (per 100,000 population)",SH.STA.SUIC.P5,,,,,,,,,,,,,,,,,,,,,,,,,,,,,,,,,,,,,,,,,32,30.9,29.1,29.7,28.7,26.8,27.9,22.9,20.6,22.5,20.7,21.6,22,22.2,19.6,21,19,20.9,17.8,19.8,
Sweden,SWE,"Suicide mortality rate (per 100,000 population)",SH.STA.SUIC.P5,,,,,,,,,,,,,,,,,,,,,,,,,,,,,,,,,,,,,,,,,15.1,16,15.5,14.4,14.8,15.7,15,14.5,15,15.7,14.7,14.2,15,15.9,14.8,15.7,14.6,15,14.9,14.7,
Eswatini,SWZ,"Suicide mortality rate (per 100,000 population)",SH.STA.SUIC.P5,,,,,,,,,,,,,,,,,,,,,,,,,,,,,,,,,,,,,,,,,28.4,32.2,37.2,40.5,42.4,43.9,47.3,53.9,55,54.2,50.4,47,47.6,44.6,39.2,35.1,32.8,30.4,28.5,29.4,
Sint Maarten (Dutch part),SXM,"Suicide mortality rate (per 100,000 population)",SH.STA.SUIC.P5,,,,,,,,,,,,,,,,,,,,,,,,,,,,,,,,,,,,,,,,,,,,,,,,,,,,,,,,,,,,,
Seychelles,SYC,"Suicide mortality rate (per 100,000 population)",SH.STA.SUIC.P5,,,,,,,,,,,,,,,,,,,,,,,,,,,,,,,,,,,,,,,,,9.2,9.2,8.6,9,9.3,8.4,8.1,7.6,7.8,7.5,7.8,7.9,7.7,7.7,7.9,8,8,8.3,8.2,8.1,
Syrian Arab Republic,SYR,"Suicide mortality rate (per 100,000 population)",SH.STA.SUIC.P5,,,,,,,,,,,,,,,,,,,,,,,,,,,,,,,,,,,,,,,,,1.5,1.4,1.4,1.3,1.4,1.4,1.4,1.4,1.4,1.4,1.5,1.5,1.6,1.8,1.8,1.7,1.6,1.8,1.9,2,
Turks and Caicos Islands,TCA,"Suicide mortality rate (per 100,000 population)",SH.STA.SUIC.P5,,,,,,,,,,,,,,,,,,,,,,,,,,,,,,,,,,,,,,,,,,,,,,,,,,,,,,,,,,,,,
Chad,TCD,"Suicide mortality rate (per 100,000 population)",SH.STA.SUIC.P5,,,,,,,,,,,,,,,,,,,,,,,,,,,,,,,,,,,,,,,,,7.8,7.8,7.7,7.8,7.5,7.5,7.5,7.7,7.5,7.6,7.7,7.7,7.6,7.4,7.1,6.8,6.7,6.7,6.6,6.4,
East Asia & Pacific (IDA & IBRD countries),TEA,"Suicide mortality rate (per 100,000 population)",SH.STA.SUIC.P5,,,,,,,,,,,,,,,,,,,,,,,,,,,,,,,,,,,,,,,,,11.54214762,10.47004336,9.963556512,10.35309246,10.6885266,10.32417833,9.742575892,9.297731061,8.992495358,8.701556977,8.341585745,7.935010064,7.486571763,7.190318448,7.040727776,6.843860581,6.921980604,6.84100944,6.839288096,6.830598996,
Europe & Central Asia (IDA & IBRD countries),TEC,"Suicide mortality rate (per 100,000 population)",SH.STA.SUIC.P5,,,,,,,,,,,,,,,,,,,,,,,,,,,,,,,,,,,,,,,,,30.07021658,29.1652642,28.88349126,28.27059093,27.57772953,27.37737896,25.14806133,23.74874197,23.25885367,21.97335937,21.53522227,20.37480691,19.80429369,19.21787749,19.20821268,18.06629461,17.31630877,15.90460735,15.63407684,14.67317434,
Togo,TGO,"Suicide mortality rate (per 100,000 population)",SH.STA.SUIC.P5,,,,,,,,,,,,,,,,,,,,,,,,,,,,,,,,,,,,,,,,,10,10.3,10.4,10.7,10.8,10.7,11,10.9,10.8,10.5,10.4,10.4,10.4,10.3,10.1,9.7,9.3,9,8.7,8.8,
Thailand,THA,"Suicide mortality rate (per 100,000 population)",SH.STA.SUIC.P5,,,,,,,,,,,,,,,,,,,,,,,,,,,,,,,,,,,,,,,,,12,10.9,11,10.7,10.5,9.1,8.9,8.4,8.1,8,8.1,8,7.9,7.5,7.8,8,8.5,8.4,8.8,8.8,
Tajikistan,TJK,"Suicide mortality rate (per 100,000 population)",SH.STA.SUIC.P5,,,,,,,,,,,,,,,,,,,,,,,,,,,,,,,,,,,,,,,,,3.8,3.6,3.5,3.4,3.5,3.6,3.6,3.7,3.8,3.9,4,4,4.1,4,4.1,4.1,4.3,4.2,4.2,4.3,
Turkmenistan,TKM,"Suicide mortality rate (per 100,000 population)",SH.STA.SUIC.P5,,,,,,,,,,,,,,,,,,,,,,,,,,,,,,,,,,,,,,,,,12.5,13.5,14.1,14.3,14.3,15.1,15.1,13.2,11.4,9.4,8.5,7.6,7.1,7.1,6.8,6.3,6.2,5.8,5.7,5.7,
Latin America & the Caribbean (IDA & IBRD countries),TLA,"Suicide mortality rate (per 100,000 population)",SH.STA.SUIC.P5,,,,,,,,,,,,,,,,,,,,,,,,,,,,,,,,,,,,,,,,,5.100935875,5.388446352,5.397737462,5.3409252,5.294315059,5.38989147,5.332616381,5.370208626,5.546354375,5.609826656,5.482998075,5.685823986,5.68144221,5.690396361,5.815485372,5.884508151,5.899095191,6.216612885,6.185767352,6.054161934,
Timor-Leste,TLS,"Suicide mortality rate (per 100,000 population)",SH.STA.SUIC.P5,,,,,,,,,,,,,,,,,,,,,,,,,,,,,,,,,,,,,,,,,3.6,3.6,3.4,3.4,3.1,3,2.7,2.6,2.4,3.1,3,3.2,3.3,3.3,3.4,3.5,3.6,3.6,3.6,3.7,
Middle East & North Africa (IDA & IBRD countries),TMN,"Suicide mortality rate (per 100,000 population)",SH.STA.SUIC.P5,,,,,,,,,,,,,,,,,,,,,,,,,,,,,,,,,,,,,,,,,5.334113497,5.297281055,5.168058443,5.00084521,4.872545559,4.738452177,4.614489845,4.677961909,4.623143432,4.591207621,4.619031701,4.752324011,4.739216607,4.632461929,4.557277083,4.438452658,4.349954573,4.242028588,4.194987026,4.057305159,
Tonga,TON,"Suicide mortality rate (per 100,000 population)",SH.STA.SUIC.P5,,,,,,,,,,,,,,,,,,,,,,,,,,,,,,,,,,,,,,,,,4.2,4.2,4.2,4.2,4.2,4,4,4,3.9,4.3,4.6,4.5,4.5,4.6,4.6,4.6,4.1,4.2,4,3.8,
South Asia (IDA & IBRD),TSA,"Suicide mortality rate (per 100,000 population)",SH.STA.SUIC.P5,,,,,,,,,,,,,,,,,,,,,,,,,,,,,,,,,,,,,,,,,14.94733494,14.54469243,14.12717758,13.48929137,13.40820064,13.69873484,13.66267124,13.43818057,13.22585944,12.80451316,12.84902115,12.82227998,12.48136332,11.99742371,11.28600815,10.93476639,10.78866018,10.71907883,11.14691308,11.22568039,
Sub-Saharan Africa (IDA & IBRD countries),TSS,"Suicide mortality rate (per 100,000 population)",SH.STA.SUIC.P5,,,,,,,,,,,,,,,,,,,,,,,,,,,,,,,,,,,,,,,,,9.243820399,8.988398544,8.861106354,8.769637166,8.621745477,8.537457254,8.442429975,8.414427885,8.502811549,8.478059548,8.23776135,7.985477788,7.827555847,7.721214434,7.529977999,7.385898052,7.254693296,7.160211431,7.039481026,6.975778648,
Trinidad and Tobago,TTO,"Suicide mortality rate (per 100,000 population)",SH.STA.SUIC.P5,,,,,,,,,,,,,,,,,,,,,,,,,,,,,,,,,,,,,,,,,16.3,16.3,15.3,13.4,13.1,12.7,11.3,11.2,13.7,11.2,11.3,9.9,9.5,10.9,10.5,10.2,9.8,9.5,9,8.7,
Tunisia,TUN,"Suicide mortality rate (per 100,000 population)",SH.STA.SUIC.P5,,,,,,,,,,,,,,,,,,,,,,,,,,,,,,,,,,,,,,,,,3.7,3.7,3.8,3.8,3.7,3.7,3.7,3.6,3.5,3.5,3.5,3.4,3.4,3.3,3.2,3.1,3.1,3.1,3.2,3.3,
Turkey,TUR,"Suicide mortality rate (per 100,000 population)",SH.STA.SUIC.P5,,,,,,,,,,,,,,,,,,,,,,,,,,,,,,,,,,,,,,,,,4,3.6,3.2,3.1,3,2.8,2.7,2.5,2.4,2.4,2.4,2.2,2.2,2.3,2.3,2.3,2.3,2.3,2.3,2.4,
Tuvalu,TUV,"Suicide mortality rate (per 100,000 population)",SH.STA.SUIC.P5,,,,,,,,,,,,,,,,,,,,,,,,,,,,,,,,,,,,,,,,,,,,,,,,,,,,,,,,,,,,,
Tanzania,TZA,"Suicide mortality rate (per 100,000 population)",SH.STA.SUIC.P5,,,,,,,,,,,,,,,,,,,,,,,,,,,,,,,,,,,,,,,,,8.9,7.9,7,6.4,5.8,5.4,5.3,5.4,5.8,5.5,5,4.8,4.3,4.4,4.2,4.2,4.2,4.2,4.2,4.3,
Uganda,UGA,"Suicide mortality rate (per 100,000 population)",SH.STA.SUIC.P5,,,,,,,,,,,,,,,,,,,,,,,,,,,,,,,,,,,,,,,,,10.2,9.8,9.4,9.4,9.5,9.7,9.4,8,7.1,6.8,6.3,6.3,5.7,5.2,4.8,4.7,4.7,4.4,4.4,4.6,
Ukraine,UKR,"Suicide mortality rate (per 100,000 population)",SH.STA.SUIC.P5,,,,,,,,,,,,,,,,,,,,,,,,,,,,,,,,,,,,,,,,,39.1,36.7,36,34.5,33.8,33.8,30.8,31.5,30.9,26.3,24.5,23,23.1,22.6,24.4,21.6,21.4,20.6,21.9,21.6,
Upper middle income,UMC,"Suicide mortality rate (per 100,000 population)",SH.STA.SUIC.P5,,,,,,,,,,,,,,,,,,,,,,,,,,,,,,,,,,,,,,,,,13.62104684,12.78064119,12.35123175,12.54244214,12.63315477,12.31369823,11.52258281,10.99696878,10.74077785,10.3634096,10.00328304,9.55720839,9.134244833,8.858718964,8.768260297,8.515281689,8.497953635,8.333816109,8.248531901,8.068058323,
Uruguay,URY,"Suicide mortality rate (per 100,000 population)",SH.STA.SUIC.P5,,,,,,,,,,,,,,,,,,,,,,,,,,,,,,,,,,,,,,,,,16,14.5,19.8,15.6,15.3,14.8,15.5,17.4,15.1,15,16,16.8,17.8,15.8,17.4,18.6,21.1,20.8,21.2,21.2,
United States,USA,"Suicide mortality rate (per 100,000 population)",SH.STA.SUIC.P5,,,,,,,,,,,,,,,,,,,,,,,,,,,,,,,,,,,,,,,,,11,11.4,11.8,11.7,11.9,11.9,12.1,12.4,12.7,12.8,13.1,13.4,13.5,13.5,14,14.4,15.1,15.9,15.7,16.1,
Uzbekistan,UZB,"Suicide mortality rate (per 100,000 population)",SH.STA.SUIC.P5,,,,,,,,,,,,,,,,,,,,,,,,,,,,,,,,,,,,,,,,,10.1,10,9.7,9,8.6,9.1,8.8,8.6,8.5,8,8.1,8.5,8.9,8.9,9,9.2,9.1,8.8,8.6,8,
St. Vincent and the Grenadines,VCT,"Suicide mortality rate (per 100,000 population)",SH.STA.SUIC.P5,,,,,,,,,,,,,,,,,,,,,,,,,,,,,,,,,,,,,,,,,5.7,5.2,6.6,5.8,5.1,9.9,6.2,8.4,4.2,2.6,3,5.6,5.4,3.9,1.4,3.3,0.7,0,1,1,
"Venezuela, RB",VEN,"Suicide mortality rate (per 100,000 population)",SH.STA.SUIC.P5,,,,,,,,,,,,,,,,,,,,,,,,,,,,,,,,,,,,,,,,,5.4,5.7,5.4,4.9,4.5,4.4,3.9,3.7,3.5,3.2,3.4,3.6,3.2,2.5,2.1,2.3,2.2,2.2,2.2,2.1,
British Virgin Islands,VGB,"Suicide mortality rate (per 100,000 population)",SH.STA.SUIC.P5,,,,,,,,,,,,,,,,,,,,,,,,,,,,,,,,,,,,,,,,,,,,,,,,,,,,,,,,,,,,,
Virgin Islands (U.S.),VIR,"Suicide mortality rate (per 100,000 population)",SH.STA.SUIC.P5,,,,,,,,,,,,,,,,,,,,,,,,,,,,,,,,,,,,,,,,,,,,,,,,,,,,,,,,,,,,,
Vietnam,VNM,"Suicide mortality rate (per 100,000 population)",SH.STA.SUIC.P5,,,,,,,,,,,,,,,,,,,,,,,,,,,,,,,,,,,,,,,,,6.1,6.1,6.1,6.1,6.3,6.3,6.4,6.7,6.9,6.9,7,7.2,7.4,7.5,7.6,7.7,7.7,7.7,7.6,7.5,
Vanuatu,VUT,"Suicide mortality rate (per 100,000 population)",SH.STA.SUIC.P5,,,,,,,,,,,,,,,,,,,,,,,,,,,,,,,,,,,,,,,,,19.1,18.9,19.1,19,18.6,18.2,19.2,19.1,18.9,19.8,19.5,19,19.1,18.9,18.2,18.2,18,18.1,18.1,18,
World,WLD,"Suicide mortality rate (per 100,000 population)",SH.STA.SUIC.P5,,,,,,,,,,,,,,,,,,,,,,,,,,,,,,,,,,,,,,,,,12.95957855,12.44152269,12.19034255,12.1284814,12.07327254,11.98657029,11.56505093,11.31146687,11.19375,10.98173752,10.79911391,10.5915666,10.26311403,9.999598796,9.726311612,9.471811795,9.341578187,9.23590558,9.273357658,9.171369638,
Samoa,WSM,"Suicide mortality rate (per 100,000 population)",SH.STA.SUIC.P5,,,,,,,,,,,,,,,,,,,,,,,,,,,,,,,,,,,,,,,,,13.7,13.7,13.4,13.2,12.8,12.9,13,12.9,12.8,11,12.8,12.8,12.7,12.1,12.8,12.7,12.8,12.6,12.6,12.6,
Kosovo,XKX,"Suicide mortality rate (per 100,000 population)",SH.STA.SUIC.P5,,,,,,,,,,,,,,,,,,,,,,,,,,,,,,,,,,,,,,,,,,,,,,,,,,,,,,,,,,,,,
"Yemen, Rep.",YEM,"Suicide mortality rate (per 100,000 population)",SH.STA.SUIC.P5,,,,,,,,,,,,,,,,,,,,,,,,,,,,,,,,,,,,,,,,,6.1,6.1,5.9,5.9,6,5.9,5.8,5.8,6,5.9,5.7,5.6,5.7,5.7,5.7,5.5,5.7,5.6,5.9,5.8,
South Africa,ZAF,"Suicide mortality rate (per 100,000 population)",SH.STA.SUIC.P5,,,,,,,,,,,,,,,,,,,,,,,,,,,,,,,,,,,,,,,,,22.4,23,24.3,25.1,24.6,24.4,23.6,24.6,26.7,26.7,24.6,22.4,22.9,23.7,24.1,24.5,24.4,25.2,24.1,23.5,
Zambia,ZMB,"Suicide mortality rate (per 100,000 population)",SH.STA.SUIC.P5,,,,,,,,,,,,,,,,,,,,,,,,,,,,,,,,,,,,,,,,,13.3,12.4,12.1,11.6,12.2,11.9,11.7,10.3,9.7,9.8,10.1,10.3,9.4,9.1,9,8.7,8.5,8.5,8.1,7.3,
Zimbabwe,ZWE,"Suicide mortality rate (per 100,000 population)",SH.STA.SUIC.P5,,,,,,,,,,,,,,,,,,,,,,,,,,,,,,,,,,,,,,,,,13.3,12.8,13.4,13.2,14.2,14,14.4,17.2,20.1,22.2,21.5,20.7,19.7,18.6,18.2,18,16.8,15,14,14.1,
